Eng Displ,# Cyl,Comb Unadj FE - Conventional Fuel,# Gears,Max Ethanol % - Gasoline,Intake Valves Per Cyl,Exhaust Valves Per Cyl,Trans Creeper Gear,Trans Desc,Carline Class Desc,Label Recalc?,Stop/Start System (Engine Management System)  Description
1.8,4,34.4702,6,10.0,2,2,N,Automated Manual,Two Seaters,N,No
6.0,12,18.1901,7,10.0,2,2,N,Automated Manual,Two Seaters,N,No
4.7,8,20.5806,7,10.0,2,2,N,Automated Manual,Two Seaters,N,No
4.7,8,19.4895,6,10.0,2,2,N,Manual,Two Seaters,N,No
4.7,8,20.5806,7,10.0,2,2,N,Automated Manual,Two Seaters,N,No
4.7,8,19.4895,6,10.0,2,2,N,Manual,Two Seaters,N,No
4.7,8,20.5806,7,10.0,2,2,N,Automated Manual,Two Seaters,N,No
4.7,8,19.4895,6,10.0,2,2,N,Manual,Two Seaters,N,No
4.2,8,20.5904,7,15.0,2,2,N,Automated Manual- Selectable (e.g. Automated Manual with paddles),Two Seaters,N,No
4.2,8,17.0265,6,15.0,2,2,N,Manual,Two Seaters,N,No
5.2,10,19.4796,7,15.0,2,2,N,Automated Manual- Selectable (e.g. Automated Manual with paddles),Two Seaters,N,No
5.2,10,16.8527,6,15.0,2,2,N,Manual,Two Seaters,N,No
4.2,8,20.5904,7,15.0,2,2,N,Automated Manual- Selectable (e.g. Automated Manual with paddles),Two Seaters,N,No
4.2,8,17.0265,6,15.0,2,2,N,Manual,Two Seaters,N,No
5.2,10,19.4796,7,15.0,2,2,N,Automated Manual- Selectable (e.g. Automated Manual with paddles),Two Seaters,N,No
5.2,10,16.8527,6,15.0,2,2,N,Manual,Two Seaters,N,No
2.0,4,33.2728,6,15.0,2,2,N,Automated Manual- Selectable (e.g. Automated Manual with paddles),Two Seaters,N,No
4.0,8,21.0282,8,15.0,2,2,N,Semi-Automatic,Two Seaters,N,No
2.0,4,34.1594,8,10.0,2,2,N,Semi-Automatic,Two Seaters,N,No
2.0,4,34.817,6,10.0,2,2,N,Manual,Two Seaters,N,Yes
3.0,6,25.3494,7,10.0,2,2,N,Automated Manual- Selectable (e.g. Automated Manual with paddles),Two Seaters,N,No
3.0,6,25.3494,7,10.0,2,2,N,Automated Manual- Selectable (e.g. Automated Manual with paddles),Two Seaters,N,No
8.0,16,12.4782,7,15.0,2,2,N,Automated Manual- Selectable (e.g. Automated Manual with paddles),Two Seaters,N,No
6.2,8,25.962,8,10.0,1,1,N,Semi-Automatic,Two Seaters,N,No
6.2,8,20.5173,8,10.0,1,1,N,Semi-Automatic,Two Seaters,N,No
6.2,8,27.1836,7,10.0,1,1,N,Manual,Two Seaters,N,No
6.2,8,22.6242,7,10.0,1,1,N,Manual,Two Seaters,N,No
8.4,10,18.78,6,10.0,1,1,N,Manual,Two Seaters,N,No
4.5,8,18.6649,7,10.0,2,2,N,Automated Manual,Two Seaters,N,Yes
4.5,8,18.3593,7,10.0,2,2,N,Automated Manual,Two Seaters,N,No
4.5,8,18.3593,7,10.0,2,2,N,Automated Manual,Two Seaters,N,No
4.5,8,18.6649,7,10.0,2,2,N,Automated Manual,Two Seaters,N,Yes
4.5,8,18.6649,7,10.0,2,2,N,Automated Manual,Two Seaters,N,Yes
4.5,8,18.3593,7,10.0,2,2,N,Automated Manual,Two Seaters,N,No
4.5,8,18.6649,7,10.0,2,2,N,Automated Manual,Two Seaters,N,Yes
4.5,8,18.3593,7,10.0,2,2,N,Automated Manual,Two Seaters,N,No
6.3,12,17.0002,7,10.0,2,2,N,Automated Manual,Two Seaters,N,Yes
6.3,12,16.7215,7,10.0,2,2,N,Automated Manual,Two Seaters,N,No
1.5,4,51.1079,7,10.0,2,2,N,Selectable Continuously Variable (e.g. CVT with paddles),Two Seaters,N,Yes
1.5,4,46.0738,6,10.0,2,2,N,Manual,Two Seaters,N,Yes
3.0,6,29.921,8,15.0,2,2,N,Semi-Automatic,Two Seaters,N,Yes
3.0,6,29.921,8,15.0,2,2,N,Semi-Automatic,Two Seaters,N,Yes
5.0,8,23.7078,8,15.0,2,2,N,Semi-Automatic,Two Seaters,N,Yes
3.0,6,29.0058,8,15.0,2,2,N,Semi-Automatic,Two Seaters,N,Yes
3.0,6,29.0058,8,15.0,2,2,N,Semi-Automatic,Two Seaters,N,Yes
5.0,8,23.7078,8,15.0,2,2,N,Semi-Automatic,Two Seaters,N,Yes
6.5,12,16.2581,7,15.0,2,2,N,Automated Manual- Selectable (e.g. Automated Manual with paddles),Two Seaters,N,Yes
6.5,12,14.4817,7,15.0,2,2,N,Automated Manual- Selectable (e.g. Automated Manual with paddles),Two Seaters,N,Yes
5.2,10,19.8471,7,15.0,2,2,N,Automated Manual- Selectable (e.g. Automated Manual with paddles),Two Seaters,N,No
6.5,12,15.6681,7,15.0,2,2,N,Automated Manual- Selectable (e.g. Automated Manual with paddles),Two Seaters,N,No
2.0,4,30.559,6,10.0,2,2,N,Semi-Automatic,Two Seaters,N,No
2.0,4,32.3665,5,10.0,2,2,N,Manual,Two Seaters,N,No
2.0,4,31.2651,6,10.0,2,2,N,Manual,Two Seaters,N,No
3.8,8,22.6993,7,10.0,2,2,N,Automatic,Two Seaters,N,No
3.8,8,22.6993,7,10.0,2,2,N,Automatic,Two Seaters,N,No
1.8,4,34.7057,7,10.0,2,2,N,Automatic,Two Seaters,N,No
3.5,6,31.6963,7,10.0,2,2,N,Automatic,Two Seaters,N,Yes
1.6,4,41.407,6,10.0,2,2,N,Semi-Automatic,Two Seaters,N,No
1.6,4,43.4539,6,10.0,2,2,N,Manual,Two Seaters,N,No
1.6,4,38.7636,6,10.0,2,2,N,Semi-Automatic,Two Seaters,N,No
1.6,4,39.8554,6,10.0,2,2,N,Manual,Two Seaters,N,No
1.6,4,37.873,6,10.0,2,2,N,Semi-Automatic,Two Seaters,N,No
1.6,4,39.2706,6,10.0,2,2,N,Manual,Two Seaters,N,No
1.6,4,37.873,6,10.0,2,2,N,Semi-Automatic,Two Seaters,N,No
1.6,4,39.2706,6,10.0,2,2,N,Manual,Two Seaters,N,No
1.6,4,37.873,6,10.0,2,2,N,Semi-Automatic,Two Seaters,N,No
1.6,4,39.2706,6,10.0,2,2,N,Manual,Two Seaters,N,No
1.6,4,37.873,6,10.0,2,2,N,Semi-Automatic,Two Seaters,N,No
1.6,4,39.2706,6,10.0,2,2,N,Manual,Two Seaters,N,No
3.8,6,21.6822,7,10.0,2,2,N,Automated Manual- Selectable (e.g. Automated Manual with paddles),Two Seaters,N,No
2.7,6,33.6298,7,10.0,2,2,N,Automated Manual- Selectable (e.g. Automated Manual with paddles),Two Seaters,N,No
2.7,6,31.1731,6,10.0,2,2,N,Manual,Two Seaters,N,No
3.4,6,32.6906,7,10.0,2,2,N,Automated Manual- Selectable (e.g. Automated Manual with paddles),Two Seaters,N,No
3.4,6,28.8146,6,10.0,2,2,N,Manual,Two Seaters,N,No
3.4,6,31.5932,7,10.0,2,2,N,Automated Manual- Selectable (e.g. Automated Manual with paddles),Two Seaters,N,No
3.4,6,29.5284,6,10.0,2,2,N,Manual,Two Seaters,N,No
2.7,6,33.6298,7,10.0,2,2,N,Automated Manual- Selectable (e.g. Automated Manual with paddles),Two Seaters,N,No
2.7,6,31.1731,6,10.0,2,2,N,Manual,Two Seaters,N,No
3.4,6,32.6906,7,10.0,2,2,N,Automated Manual- Selectable (e.g. Automated Manual with paddles),Two Seaters,N,No
3.4,6,28.8146,6,10.0,2,2,N,Manual,Two Seaters,N,No
3.4,6,31.5932,7,10.0,2,2,N,Automated Manual- Selectable (e.g. Automated Manual with paddles),Two Seaters,N,No
3.4,6,29.5284,6,10.0,2,2,N,Manual,Two Seaters,N,No
5.9,12,19.4,6,10.0,2,2,N,Semi-Automatic,Minicompact Cars,N,No
6.0,12,20.4316,8,10.0,2,2,N,Semi-Automatic,Minicompact Cars,N,No
3.9,8,24.0347,7,10.0,2,2,N,Automated Manual,Minicompact Cars,N,Yes
3.9,8,23.5286,7,10.0,2,2,N,Automated Manual,Minicompact Cars,N,No
1.4,4,36.4714,6,10.0,2,2,N,Automatic,Minicompact Cars,N,No
1.4,4,40.022,6,10.0,2,2,N,Automatic,Minicompact Cars,N,No
1.4,4,40.4989,5,10.0,2,2,N,Manual,Minicompact Cars,N,No
1.4,4,46.2571,5,10.0,2,2,N,Manual,Minicompact Cars,N,No
1.4,4,36.4714,6,10.0,2,2,N,Automatic,Minicompact Cars,N,No
1.4,4,40.4989,5,10.0,2,2,N,Manual,Minicompact Cars,N,No
5.0,8,24.0404,6,15.0,2,2,N,Semi-Automatic,Minicompact Cars,N,No
5.0,8,22.6216,6,15.0,2,2,N,Semi-Automatic,Minicompact Cars,N,No
5.0,8,22.3008,6,15.0,2,2,N,Semi-Automatic,Minicompact Cars,N,No
5.0,8,23.3026,6,15.0,2,2,N,Semi-Automatic,Minicompact Cars,N,No
1.6,4,38.7636,6,10.0,2,2,N,Semi-Automatic,Minicompact Cars,N,No
1.6,4,39.8554,6,10.0,2,2,N,Manual,Minicompact Cars,N,No
1.6,4,37.873,6,10.0,2,2,N,Semi-Automatic,Minicompact Cars,N,No
1.6,4,39.2706,6,10.0,2,2,N,Manual,Minicompact Cars,N,No
1.6,4,37.873,6,10.0,2,2,N,Semi-Automatic,Minicompact Cars,N,No
1.6,4,39.2706,6,10.0,2,2,N,Manual,Minicompact Cars,N,No
3.4,6,30.3389,7,10.0,2,2,N,Automated Manual- Selectable (e.g. Automated Manual with paddles),Minicompact Cars,N,No
3.4,6,28.5822,7,10.0,2,2,N,Manual,Minicompact Cars,N,No
3.4,6,30.1071,7,10.0,2,2,N,Automated Manual- Selectable (e.g. Automated Manual with paddles),Minicompact Cars,N,No
3.4,6,28.7688,7,10.0,2,2,N,Manual,Minicompact Cars,N,No
3.4,6,29.3854,7,10.0,2,2,N,Automated Manual- Selectable (e.g. Automated Manual with paddles),Minicompact Cars,N,No
3.4,6,28.0884,7,10.0,2,2,N,Manual,Minicompact Cars,N,No
3.8,6,27.678,7,10.0,2,2,N,Automated Manual- Selectable (e.g. Automated Manual with paddles),Minicompact Cars,N,No
3.8,6,27.1045,7,10.0,2,2,N,Manual,Minicompact Cars,N,No
3.8,6,26.8467,7,10.0,2,2,N,Automated Manual- Selectable (e.g. Automated Manual with paddles),Minicompact Cars,N,No
3.8,6,26.4728,7,10.0,2,2,N,Manual,Minicompact Cars,N,No
3.8,6,28.5037,7,10.0,2,2,N,Automated Manual- Selectable (e.g. Automated Manual with paddles),Minicompact Cars,N,No
3.8,6,27.7487,7,10.0,2,2,N,Manual,Minicompact Cars,N,No
3.8,6,27.8027,7,10.0,2,2,N,Automated Manual- Selectable (e.g. Automated Manual with paddles),Minicompact Cars,N,No
3.8,6,27.3312,7,10.0,2,2,N,Manual,Minicompact Cars,N,No
3.4,6,30.7045,7,10.0,2,2,N,Automated Manual- Selectable (e.g. Automated Manual with paddles),Minicompact Cars,N,No
3.4,6,28.7955,7,10.0,2,2,N,Manual,Minicompact Cars,N,No
3.8,6,27.8144,7,10.0,2,2,N,Automated Manual- Selectable (e.g. Automated Manual with paddles),Minicompact Cars,N,No
3.8,6,27.428,7,10.0,2,2,N,Manual,Minicompact Cars,N,No
3.8,6,27.678,7,10.0,2,2,N,Automated Manual- Selectable (e.g. Automated Manual with paddles),Minicompact Cars,N,No
3.8,6,26.4728,7,10.0,2,2,N,Manual,Minicompact Cars,N,No
3.8,6,29.1356,7,10.0,2,2,N,Automated Manual- Selectable (e.g. Automated Manual with paddles),Minicompact Cars,N,No
3.8,6,28.6337,7,10.0,2,2,N,Manual,Minicompact Cars,N,No
3.8,6,28.6906,7,10.0,2,2,N,Automated Manual- Selectable (e.g. Automated Manual with paddles),Minicompact Cars,N,No
3.8,6,28.2451,7,10.0,2,2,N,Manual,Minicompact Cars,N,No
3.4,6,28.5578,7,10.0,2,2,N,Automated Manual- Selectable (e.g. Automated Manual with paddles),Minicompact Cars,N,No
3.4,6,27.5924,7,10.0,2,2,N,Manual,Minicompact Cars,N,No
3.8,6,27.3812,7,10.0,2,2,N,Automated Manual- Selectable (e.g. Automated Manual with paddles),Minicompact Cars,N,No
3.8,6,26.9652,7,10.0,2,2,N,Manual,Minicompact Cars,N,No
3.8,6,25.7642,7,10.0,2,2,N,Automated Manual- Selectable (e.g. Automated Manual with paddles),Minicompact Cars,N,No
3.8,6,25.7642,7,10.0,2,2,N,Automated Manual- Selectable (e.g. Automated Manual with paddles),Minicompact Cars,N,No
2.0,4,37.0959,6,10.0,2,2,N,Semi-Automatic,Minicompact Cars,N,No
2.0,4,32.37,6,10.0,2,2,N,Manual,Minicompact Cars,N,No
1.3,4,52.2891,1,15.0,2,2,N,Continuously Variable,Minicompact Cars,N,No
2.0,4,37.0727,6,10.0,2,2,N,Semi-Automatic,Minicompact Cars,N,No
2.0,4,32.3228,6,10.0,2,2,N,Manual,Minicompact Cars,N,No
6.0,12,21.3382,8,10.0,2,2,N,Semi-Automatic,Subcompact Cars,N,No
1.8,4,34.858,6,15.0,2,2,N,Automated Manual- Selectable (e.g. Automated Manual with paddles),Subcompact Cars,N,No
1.8,4,36.2224,6,15.0,2,2,N,Automated Manual- Selectable (e.g. Automated Manual with paddles),Subcompact Cars,N,No
2.0,4,34.3094,6,15.0,2,2,N,Automated Manual- Selectable (e.g. Automated Manual with paddles),Subcompact Cars,N,No
2.0,4,35.1828,6,15.0,2,2,N,Automated Manual- Selectable (e.g. Automated Manual with paddles),Subcompact Cars,N,No
2.0,4,31.4377,8,85.0,2,2,N,Semi-Automatic,Subcompact Cars,Y,No
2.0,4,32.3011,8,85.0,2,2,N,Semi-Automatic,Subcompact Cars,Y,No
2.0,4,33.1059,6,15.0,2,2,N,Manual,Subcompact Cars,N,No
4.2,8,22.8332,7,15.0,2,2,N,Automated Manual- Selectable (e.g. Automated Manual with paddles),Subcompact Cars,N,No
4.2,8,22.6159,7,15.0,2,2,N,Automated Manual- Selectable (e.g. Automated Manual with paddles),Subcompact Cars,N,No
2.0,4,33.1767,6,15.0,2,2,N,Automated Manual- Selectable (e.g. Automated Manual with paddles),Subcompact Cars,N,No
3.0,6,26.9372,7,15.0,2,2,N,Automated Manual- Selectable (e.g. Automated Manual with paddles),Subcompact Cars,N,No
3.0,6,24.4063,6,15.0,2,2,N,Manual,Subcompact Cars,N,No
3.0,6,26.4165,7,15.0,2,2,N,Automated Manual- Selectable (e.g. Automated Manual with paddles),Subcompact Cars,N,No
2.0,4,33.2728,6,15.0,2,2,N,Automated Manual- Selectable (e.g. Automated Manual with paddles),Subcompact Cars,N,No
4.0,8,21.7662,8,15.0,2,2,N,Semi-Automatic,Subcompact Cars,N,No
6.0,12,18.1658,8,85.0,2,2,N,Semi-Automatic,Subcompact Cars,N,No
2.0,4,36.7347,8,10.0,2,2,N,Semi-Automatic,Subcompact Cars,N,Yes
2.0,4,34.3735,6,10.0,2,2,N,Manual,Subcompact Cars,N,Yes
2.0,4,35.1959,8,10.0,2,2,N,Semi-Automatic,Subcompact Cars,N,Yes
2.0,4,35.8594,8,10.0,2,2,N,Semi-Automatic,Subcompact Cars,N,Yes
2.0,4,34.4331,8,10.0,2,2,N,Semi-Automatic,Subcompact Cars,N,Yes
2.0,4,35.1311,8,10.0,2,2,N,Semi-Automatic,Subcompact Cars,N,Yes
2.0,4,33.1031,8,10.0,2,2,N,Semi-Automatic,Subcompact Cars,N,Yes
3.0,6,31.0299,8,10.0,2,2,N,Semi-Automatic,Subcompact Cars,N,Yes
3.0,6,30.2647,8,10.0,2,2,N,Semi-Automatic,Subcompact Cars,N,Yes
3.0,6,31.0299,8,10.0,2,2,N,Semi-Automatic,Subcompact Cars,N,Yes
3.0,6,32.6693,8,10.0,2,2,N,Semi-Automatic,Subcompact Cars,N,Yes
3.0,6,30.2647,8,10.0,2,2,N,Semi-Automatic,Subcompact Cars,N,Yes
3.0,6,30.2647,8,10.0,2,2,N,Semi-Automatic,Subcompact Cars,N,Yes
4.4,8,25.3166,8,10.0,2,2,N,Semi-Automatic,Subcompact Cars,N,Yes
4.4,8,25.3166,8,10.0,2,2,N,Semi-Automatic,Subcompact Cars,N,Yes
4.4,8,24.0727,8,10.0,2,2,N,Semi-Automatic,Subcompact Cars,N,Yes
4.4,8,24.9531,8,10.0,2,2,N,Semi-Automatic,Subcompact Cars,N,No
3.0,6,32.6693,8,10.0,2,2,N,Semi-Automatic,Subcompact Cars,N,Yes
3.0,6,29.05,6,10.0,2,2,N,Manual,Subcompact Cars,N,Yes
3.0,6,32.6295,8,10.0,2,2,N,Semi-Automatic,Subcompact Cars,N,Yes
3.0,6,28.4267,6,10.0,2,2,N,Manual,Subcompact Cars,N,Yes
3.0,6,30.948,8,10.0,2,2,N,Semi-Automatic,Subcompact Cars,N,Yes
3.0,6,25.1945,7,10.0,2,2,N,Automated Manual- Selectable (e.g. Automated Manual with paddles),Subcompact Cars,N,Yes
3.0,6,26.1423,6,10.0,2,2,N,Manual,Subcompact Cars,N,Yes
4.4,8,20.525,7,10.0,2,2,N,Automated Manual- Selectable (e.g. Automated Manual with paddles),Subcompact Cars,N,Yes
4.4,8,22.0541,6,10.0,2,2,N,Manual,Subcompact Cars,N,Yes
4.4,8,20.525,7,10.0,2,2,N,Automated Manual- Selectable (e.g. Automated Manual with paddles),Subcompact Cars,N,Yes
4.4,8,22.0541,6,10.0,2,2,N,Manual,Subcompact Cars,N,Yes
1.2,4,45.5243,1,10.0,2,2,N,Continuously Variable,Subcompact Cars,N,No
1.2,4,46.5881,5,10.0,2,2,N,Manual,Subcompact Cars,N,No
1.6,4,41.2163,6,15.0,2,2,N,Automated Manual,Subcompact Cars,N,No
1.6,4,41.3746,5,15.0,2,2,N,Manual,Subcompact Cars,N,No
1.0,3,48.3501,5,15.0,2,2,N,Manual,Subcompact Cars,N,No
1.6,4,42.5882,6,15.0,2,2,N,Automated Manual,Subcompact Cars,N,No
2.3,4,33.0657,6,15.0,2,2,N,Semi-Automatic,Subcompact Cars,N,No
2.3,4,33.766,6,15.0,2,2,N,Manual,Subcompact Cars,N,No
3.7,6,28.5429,6,15.0,2,2,N,Automatic,Subcompact Cars,N,No
3.7,6,27.3703,6,15.0,2,2,N,Manual,Subcompact Cars,N,No
5.0,8,24.4234,6,15.0,2,2,N,Automatic,Subcompact Cars,N,No
5.0,8,23.7666,6,15.0,2,2,N,Manual,Subcompact Cars,N,No
2.3,4,31.0504,6,15.0,2,2,N,Semi-Automatic,Subcompact Cars,N,No
5.0,8,23.393,6,15.0,2,2,N,Semi-Automatic,Subcompact Cars,N,No
3.8,6,23.8369,8,10.0,2,2,N,Semi-Automatic,Subcompact Cars,N,No
3.8,6,23.4292,6,10.0,2,2,N,Manual,Subcompact Cars,N,No
2.5,6,32.0641,6,15.0,2,2,N,Semi-Automatic,Subcompact Cars,N,No
3.5,6,28.9267,6,15.0,2,2,N,Semi-Automatic,Subcompact Cars,N,No
3.5,6,29.4338,8,15.0,2,2,N,Semi-Automatic,Subcompact Cars,N,No
3.5,6,27.9371,6,15.0,2,2,N,Semi-Automatic,Subcompact Cars,N,No
5.0,8,25.3158,8,15.0,2,2,N,Semi-Automatic,Subcompact Cars,N,No
4.7,8,19.9146,6,10.0,2,2,N,Automatic,Subcompact Cars,N,No
4.7,8,19.7608,6,10.0,2,2,N,Automatic,Subcompact Cars,N,No
3.5,6,29.0952,7,10.0,2,2,N,Automatic,Subcompact Cars,N,Yes
1.5,3,42.0813,6,10.0,2,2,N,Semi-Automatic,Subcompact Cars,N,No
1.5,3,44.5667,6,10.0,2,2,N,Manual,Subcompact Cars,N,No
1.5,3,42.0813,6,10.0,2,2,N,Semi-Automatic,Subcompact Cars,N,No
1.5,3,44.1922,6,10.0,2,2,N,Manual,Subcompact Cars,N,No
2.0,4,38.0682,6,10.0,2,2,N,Semi-Automatic,Subcompact Cars,N,No
2.0,4,36.2513,6,10.0,2,2,N,Manual,Subcompact Cars,N,No
2.0,4,38.0682,6,10.0,2,2,N,Semi-Automatic,Subcompact Cars,N,No
2.0,4,36.2513,6,10.0,2,2,N,Manual,Subcompact Cars,N,No
2.0,4,36.7711,6,10.0,2,2,N,Semi-Automatic,Subcompact Cars,N,Yes
2.0,4,33.9305,6,10.0,2,2,N,Manual,Subcompact Cars,N,Yes
1.8,4,35.9488,6,15.0,2,2,N,Semi-Automatic,Subcompact Cars,N,No
2.0,4,33.2591,6,15.0,2,2,N,Automated Manual- Selectable (e.g. Automated Manual with paddles),Subcompact Cars,N,No
2.0,4,33.1352,6,15.0,2,2,N,Manual,Subcompact Cars,N,No
2.0,4,32.4219,6,15.0,2,2,N,Automated Manual- Selectable (e.g. Automated Manual with paddles),Subcompact Cars,N,No
2.0,4,37.4777,5,10.0,2,2,N,Semi-Automatic,Compact Cars,N,No
2.4,4,32.166,6,10.0,2,2,N,Manual,Compact Cars,N,No
2.4,4,38.3003,8,10.0,2,2,N,Automated Manual,Compact Cars,N,No
3.5,6,34.7393,9,10.0,2,2,N,Semi-Automatic,Compact Cars,N,No
3.5,6,33.1457,9,10.0,2,2,N,Semi-Automatic,Compact Cars,N,Yes
2.0,4,35.4089,8,15.0,2,2,N,Selectable Continuously Variable (e.g. CVT with paddles),Compact Cars,N,No
2.0,4,32.3011,8,85.0,2,2,N,Semi-Automatic,Compact Cars,Y,No
2.0,4,33.1059,6,15.0,2,2,N,Manual,Compact Cars,N,No
2.0,4,29.9555,6,15.0,2,2,N,Semi-Automatic,Compact Cars,N,No
2.0,4,29.5284,6,15.0,2,2,N,Semi-Automatic,Compact Cars,N,No
3.0,6,26.9372,7,15.0,2,2,N,Automated Manual- Selectable (e.g. Automated Manual with paddles),Compact Cars,N,No
3.0,6,24.4063,6,15.0,2,2,N,Manual,Compact Cars,N,No
4.0,8,23.6806,8,15.0,2,2,N,Semi-Automatic,Compact Cars,N,No
6.0,12,19.3741,8,85.0,2,2,N,Semi-Automatic,Compact Cars,N,No
2.0,4,36.854,8,10.0,2,2,N,Semi-Automatic,Compact Cars,N,Yes
2.0,4,36.2709,6,10.0,2,2,N,Manual,Compact Cars,N,Yes
2.0,4,35.8594,8,10.0,2,2,N,Semi-Automatic,Compact Cars,N,Yes
2.0,4,36.0644,8,10.0,2,2,N,Semi-Automatic,Compact Cars,N,Yes
2.0,4,34.3735,6,10.0,2,2,N,Manual,Compact Cars,N,Yes
2.0,4,34.4717,8,10.0,2,2,N,Semi-Automatic,Compact Cars,N,Yes
3.0,6,32.6693,8,10.0,2,2,N,Semi-Automatic,Compact Cars,N,Yes
3.0,6,31.0673,6,10.0,2,2,N,Manual,Compact Cars,N,Yes
3.0,6,30.948,8,10.0,2,2,N,Semi-Automatic,Compact Cars,N,Yes
3.0,6,29.6685,6,10.0,2,2,N,Manual,Compact Cars,N,Yes
2.0,4,36.0644,8,10.0,2,2,N,Semi-Automatic,Compact Cars,N,Yes
2.0,4,34.3735,6,10.0,2,2,N,Manual,Compact Cars,N,Yes
2.0,4,35.1311,8,10.0,2,2,N,Semi-Automatic,Compact Cars,N,Yes
2.0,4,34.4717,8,10.0,2,2,N,Semi-Automatic,Compact Cars,N,Yes
2.0,4,33.9938,8,10.0,2,2,N,Semi-Automatic,Compact Cars,N,Yes
3.0,6,32.6693,8,10.0,2,2,N,Semi-Automatic,Compact Cars,N,Yes
3.0,6,31.0673,6,10.0,2,2,N,Manual,Compact Cars,N,Yes
3.0,6,32.6693,8,10.0,2,2,N,Semi-Automatic,Compact Cars,N,Yes
3.0,6,30.948,8,10.0,2,2,N,Semi-Automatic,Compact Cars,N,Yes
3.0,6,29.6685,6,10.0,2,2,N,Manual,Compact Cars,N,Yes
3.0,6,31.0267,8,10.0,2,2,N,Semi-Automatic,Compact Cars,N,Yes
3.0,6,31.0299,8,10.0,2,2,N,Semi-Automatic,Compact Cars,N,Yes
3.0,6,30.2647,8,10.0,2,2,N,Semi-Automatic,Compact Cars,N,Yes
4.4,8,25.3166,8,10.0,2,2,N,Semi-Automatic,Compact Cars,N,Yes
4.4,8,24.0727,8,10.0,2,2,N,Semi-Automatic,Compact Cars,N,Yes
3.0,6,37.6899,8,10.0,2,2,N,Semi-Automatic,Compact Cars,N,Yes
4.4,8,24.0727,8,10.0,2,2,N,Semi-Automatic,Compact Cars,N,Yes
3.0,6,25.0855,7,10.0,2,2,N,Automated Manual- Selectable (e.g. Automated Manual with paddles),Compact Cars,N,Yes
3.0,6,26.1423,6,10.0,2,2,N,Manual,Compact Cars,N,Yes
3.0,6,25.0855,7,10.0,2,2,N,Automated Manual- Selectable (e.g. Automated Manual with paddles),Compact Cars,N,Yes
3.0,6,26.1423,6,10.0,2,2,N,Manual,Compact Cars,N,Yes
4.4,8,20.525,7,10.0,2,2,N,Automated Manual- Selectable (e.g. Automated Manual with paddles),Compact Cars,N,Yes
4.4,8,22.0541,6,10.0,2,2,N,Manual,Compact Cars,N,Yes
2.0,4,31.3793,6,10.0,2,2,N,Semi-Automatic,Compact Cars,N,No
2.0,4,31.5709,6,10.0,2,2,N,Manual,Compact Cars,N,No
2.4,4,32.7628,6,10.0,2,2,N,Semi-Automatic,Compact Cars,N,No
2.0,4,31.9508,6,10.0,2,2,N,Semi-Automatic,Compact Cars,N,No
2.0,4,29.9743,6,10.0,2,2,N,Manual,Compact Cars,N,No
2.5,4,33.1271,6,10.0,2,2,N,Semi-Automatic,Compact Cars,N,No
3.6,6,28.2902,6,10.0,2,2,N,Semi-Automatic,Compact Cars,N,No
2.0,4,30.3806,6,10.0,2,2,N,Semi-Automatic,Compact Cars,N,No
3.6,6,27.7996,6,10.0,2,2,N,Semi-Automatic,Compact Cars,N,No
3.6,6,29.2021,6,10.0,2,2,N,Automatic,Compact Cars,N,No
3.6,6,27.0711,6,10.0,2,2,N,Semi-Automatic,Compact Cars,N,No
3.6,6,26.5049,6,10.0,2,2,N,Manual,Compact Cars,N,No
6.2,8,23.7725,6,10.0,1,1,N,Semi-Automatic,Compact Cars,N,No
1.4,4,40.8578,6,10.0,2,2,N,Semi-Automatic,Compact Cars,N,No
1.4,4,43.9612,6,10.0,2,2,N,Manual,Compact Cars,N,No
1.8,4,37.7924,6,10.0,2,2,N,Semi-Automatic,Compact Cars,N,No
1.8,4,39.4158,5,10.0,2,2,N,Manual,Compact Cars,N,No
1.4,4,37.6394,6,10.0,2,2,N,Semi-Automatic,Compact Cars,N,No
1.4,4,39.3546,6,10.0,2,2,N,Manual,Compact Cars,N,No
1.6,4,39.4028,6,15.0,2,2,N,Manual,Compact Cars,N,No
1.0,3,44.5387,6,15.0,2,2,N,Manual,Compact Cars,N,No
2.0,4,42.0773,6,15.0,2,2,N,Automated Manual,Compact Cars,N,No
2.0,4,40.5029,6,15.0,2,2,N,Semi-Automatic,Compact Cars,N,No
2.0,4,39.4676,5,15.0,2,2,N,Manual,Compact Cars,N,No
2.0,4,34.9653,6,15.0,2,2,N,Manual,Compact Cars,N,No
2.0,4,42.1307,6,85.0,2,2,N,Automated Manual,Compact Cars,N,No
2.0,4,40.5031,6,85.0,2,2,N,Semi-Automatic,Compact Cars,N,No
2.0,4,39.4676,5,85.0,2,2,N,Manual,Compact Cars,N,No
1.0,3,46.9885,6,15.0,2,2,N,Manual,Compact Cars,N,No
1.8,4,44.7821,1,10.0,2,2,N,Continuously Variable,Compact Cars,N,No
1.8,4,44.1548,7,10.0,2,2,N,Selectable Continuously Variable (e.g. CVT with paddles),Compact Cars,N,No
1.8,4,41.6456,5,10.0,2,2,N,Manual,Compact Cars,N,No
2.4,4,31.6736,6,10.0,2,2,N,Manual,Compact Cars,N,No
1.8,4,47.5222,1,10.0,2,2,N,Continuously Variable,Compact Cars,N,No
1.5,4,63.7285,1,10.0,1,1,N,Continuously Variable,Compact Cars,N,Yes
1.6,4,40.6791,6,10.0,2,2,N,Semi-Automatic,Compact Cars,N,No
1.6,4,41.8396,6,10.0,2,2,N,Manual,Compact Cars,N,No
1.6,4,40.8417,6,10.0,2,2,N,Automated Manual,Compact Cars,N,No
1.6,4,35.2534,6,10.0,2,2,N,Semi-Automatic,Compact Cars,N,No
1.6,4,36.6353,6,10.0,2,2,N,Manual,Compact Cars,N,No
1.6,4,39.3828,6,10.0,2,2,N,Manual,Compact Cars,N,No
3.5,6,43.1029,7,10.0,2,2,N,Semi-Automatic,Compact Cars,N,Yes
3.5,6,41.3655,7,10.0,2,2,N,Semi-Automatic,Compact Cars,N,Yes
3.5,6,40.9298,7,10.0,2,2,N,Semi-Automatic,Compact Cars,N,Yes
3.5,6,38.2417,7,10.0,2,2,N,Semi-Automatic,Compact Cars,N,Yes
1.6,4,33.045,6,10.0,2,2,N,Semi-Automatic,Compact Cars,N,No
1.6,4,32.3213,6,10.0,2,2,N,Manual,Compact Cars,N,No
2.0,4,37.7023,6,10.0,2,2,N,Semi-Automatic,Compact Cars,N,No
2.0,4,36.3872,6,10.0,2,2,N,Manual,Compact Cars,N,No
1.6,4,40.9112,6,10.0,2,2,N,Semi-Automatic,Compact Cars,N,No
1.6,4,41.1599,6,10.0,2,2,N,Manual,Compact Cars,N,No
1.6,4,41.7054,6,10.0,2,2,N,Semi-Automatic,Compact Cars,N,Yes
1.8,4,70.9573,1,15.0,2,2,N,Continuously Variable,Compact Cars,N,Yes
2.5,6,32.1425,6,15.0,2,2,N,Semi-Automatic,Compact Cars,N,No
2.5,6,29.7403,6,15.0,2,2,N,Semi-Automatic,Compact Cars,N,No
3.5,6,29.4338,8,15.0,2,2,N,Semi-Automatic,Compact Cars,N,No
3.5,6,27.9371,6,15.0,2,2,N,Semi-Automatic,Compact Cars,N,No
2.0,4,46.0415,6,10.0,2,2,N,Semi-Automatic,Compact Cars,N,No
2.0,4,45.1379,6,10.0,2,2,N,Manual,Compact Cars,N,No
2.5,4,44.3711,6,10.0,2,2,N,Semi-Automatic,Compact Cars,N,No
2.5,4,42.9351,6,10.0,2,2,N,Semi-Automatic,Compact Cars,N,No
2.5,4,39.0686,6,10.0,2,2,N,Manual,Compact Cars,N,No
2.0,4,37.46,7,10.0,2,2,N,Automatic,Compact Cars,N,Yes
2.0,4,35.7394,7,10.0,2,2,N,Automatic,Compact Cars,N,Yes
2.0,4,40.402,7,10.0,2,2,N,Automated Manual,Compact Cars,N,Yes
2.0,4,34.2607,7,10.0,2,2,N,Automated Manual,Compact Cars,N,Yes
1.6,4,35.9089,6,10.0,2,2,N,Semi-Automatic,Compact Cars,N,No
1.6,4,39.8554,6,10.0,2,2,N,Manual,Compact Cars,N,No
1.6,4,35.9089,6,10.0,2,2,N,Semi-Automatic,Compact Cars,N,No
1.6,4,39.8554,6,10.0,2,2,N,Manual,Compact Cars,N,No
1.6,4,37.1622,6,10.0,2,2,N,Semi-Automatic,Compact Cars,N,No
1.6,4,38.2932,6,10.0,2,2,N,Manual,Compact Cars,N,No
1.6,4,34.4733,6,10.0,2,2,N,Semi-Automatic,Compact Cars,N,No
1.6,4,36.5217,6,10.0,2,2,N,Manual,Compact Cars,N,No
1.6,4,37.1622,6,10.0,2,2,N,Semi-Automatic,Compact Cars,N,No
1.6,4,38.2932,6,10.0,2,2,N,Manual,Compact Cars,N,No
1.6,4,34.4733,6,10.0,2,2,N,Semi-Automatic,Compact Cars,N,No
1.6,4,36.5217,6,10.0,2,2,N,Manual,Compact Cars,N,No
1.6,4,34.4733,6,10.0,2,2,N,Semi-Automatic,Compact Cars,N,No
1.6,4,36.5217,6,10.0,2,2,N,Manual,Compact Cars,N,No
1.6,4,34.4733,6,10.0,2,2,N,Semi-Automatic,Compact Cars,N,No
1.6,4,36.5217,6,10.0,2,2,N,Manual,Compact Cars,N,No
2.0,4,26.3422,6,10.0,2,2,N,Automated Manual,Compact Cars,N,No
2.0,4,38.5803,6,10.0,2,2,N,Selectable Continuously Variable (e.g. CVT with paddles),Compact Cars,N,No
2.0,4,37.326,5,10.0,2,2,N,Manual,Compact Cars,N,No
2.4,4,34.0327,6,10.0,2,2,N,Selectable Continuously Variable (e.g. CVT with paddles),Compact Cars,N,No
2.4,4,33.8485,5,10.0,2,2,N,Manual,Compact Cars,N,No
2.4,4,32.6645,6,10.0,2,2,N,Selectable Continuously Variable (e.g. CVT with paddles),Compact Cars,N,No
2.0,4,24.3741,6,10.0,2,2,N,Automated Manual,Compact Cars,N,No
2.0,4,24.7909,5,10.0,2,2,N,Manual,Compact Cars,N,No
1.2,3,54.8785,1,10.0,2,2,N,Continuously Variable,Compact Cars,N,No
1.2,3,50.5419,5,10.0,2,2,N,Manual,Compact Cars,N,No
1.6,4,39.8798,4,10.0,2,2,N,Automatic,Compact Cars,N,No
6.7,12,17.4989,8,10.0,2,2,N,Semi-Automatic,Compact Cars,N,No
6.7,12,17.4353,8,10.0,2,2,N,Semi-Automatic,Compact Cars,N,No
2.5,4,34.3736,6,15.0,2,2,N,Semi-Automatic,Compact Cars,N,No
2.5,4,34.4003,6,15.0,2,2,N,Manual,Compact Cars,N,No
2.0,4,41.8343,6,10.0,2,2,N,Selectable Continuously Variable (e.g. CVT with paddles),Compact Cars,N,No
2.0,4,37.5307,5,10.0,2,2,N,Manual,Compact Cars,N,No
2.0,4,27.8189,8,10.0,2,2,N,Selectable Continuously Variable (e.g. CVT with paddles),Compact Cars,N,No
2.0,4,31.418,6,10.0,2,2,N,Manual,Compact Cars,N,No
2.5,4,25.1277,6,10.0,2,2,N,Manual,Compact Cars,N,No
1.5,4,70.798,1,15.0,2,2,N,Continuously Variable,Compact Cars,N,Yes
1.5,4,43.7586,4,15.0,2,2,N,Automatic,Compact Cars,N,No
1.5,4,44.876,5,15.0,2,2,N,Manual,Compact Cars,N,No
1.8,4,36.9616,6,15.0,2,2,N,Semi-Automatic,Compact Cars,N,No
1.8,4,35.8679,5,15.0,2,2,N,Manual,Compact Cars,N,No
2.0,4,33.9213,6,15.0,2,2,N,Automated Manual- Selectable (e.g. Automated Manual with paddles),Compact Cars,N,No
2.0,4,33.1352,6,15.0,2,2,N,Manual,Compact Cars,N,No
2.0,4,32.1632,6,15.0,2,2,N,Automated Manual- Selectable (e.g. Automated Manual with paddles),Compact Cars,N,No
2.0,4,31.4431,6,15.0,2,2,N,Manual,Compact Cars,N,No
3.6,6,24.8373,6,15.0,2,2,N,Semi-Automatic,Compact Cars,N,No
1.8,4,38.8661,6,15.0,2,2,N,Semi-Automatic,Compact Cars,N,No
1.8,4,39.3042,5,15.0,2,2,N,Manual,Compact Cars,N,No
2.0,4,32.8547,6,15.0,2,2,N,Automated Manual- Selectable (e.g. Automated Manual with paddles),Compact Cars,N,No
2.0,4,35.9078,6,15.0,2,2,N,Automated Manual- Selectable (e.g. Automated Manual with paddles),Compact Cars,N,No
2.0,4,35.674,6,15.0,2,2,N,Manual,Compact Cars,N,No
1.8,4,39.4414,6,15.0,2,2,N,Semi-Automatic,Compact Cars,N,No
1.8,4,39.1216,5,15.0,2,2,N,Manual,Compact Cars,N,No
2.0,4,34.8093,6,15.0,2,2,N,Automated Manual- Selectable (e.g. Automated Manual with paddles),Compact Cars,N,No
2.0,4,33.9987,6,15.0,2,2,N,Manual,Compact Cars,N,No
1.4,4,60.7663,7,15.0,2,2,N,Automated Manual- Selectable (e.g. Automated Manual with paddles),Compact Cars,N,Yes
2.5,5,30.5489,6,10.0,2,2,N,Semi-Automatic,Compact Cars,N,No
3.0,6,28.0605,6,10.0,2,2,N,Semi-Automatic,Compact Cars,N,No
2.0,4,38.7271,8,10.0,2,2,N,Semi-Automatic,Compact Cars,N,Yes
2.0,4,36.6439,8,10.0,2,2,N,Semi-Automatic,Compact Cars,N,Yes
3.0,6,27.7996,6,10.0,2,2,N,Semi-Automatic,Compact Cars,N,No
3.5,6,30.8273,6,10.0,2,2,N,Semi-Automatic,Midsize Cars,N,No
2.0,4,36.8857,8,15.0,2,2,N,Selectable Continuously Variable (e.g. CVT with paddles),Midsize Cars,N,No
2.0,4,30.0404,8,15.0,2,2,N,Semi-Automatic,Midsize Cars,N,No
3.0,6,28.1037,8,15.0,2,2,N,Semi-Automatic,Midsize Cars,N,No
3.0,6,27.9059,8,15.0,2,2,N,Semi-Automatic,Midsize Cars,N,Yes
3.0,6,28.8162,8,15.0,2,2,N,Semi-Automatic,Midsize Cars,N,Yes
4.0,8,27.9601,8,15.0,2,2,N,Semi-Automatic,Midsize Cars,N,Yes
4.0,8,22.5584,8,15.0,2,2,N,Semi-Automatic,Midsize Cars,Y,No
4.0,8,25.4423,7,15.0,2,2,N,Automated Manual- Selectable (e.g. Automated Manual with paddles),Midsize Cars,N,No
4.0,8,25.4423,7,15.0,2,2,N,Automated Manual- Selectable (e.g. Automated Manual with paddles),Midsize Cars,N,No
4.0,8,24.9995,8,15.0,2,2,N,Semi-Automatic,Midsize Cars,N,No
4.0,8,21.7662,8,15.0,2,2,N,Semi-Automatic,Midsize Cars,N,No
6.0,12,18.1658,8,85.0,2,2,N,Semi-Automatic,Midsize Cars,N,No
6.8,8,15.8033,8,15.0,1,1,N,Semi-Automatic,Midsize Cars,N,No
2.0,4,35.1311,8,10.0,2,2,N,Semi-Automatic,Midsize Cars,N,Yes
2.0,4,34.4717,8,10.0,2,2,N,Semi-Automatic,Midsize Cars,N,Yes
3.0,6,31.0299,8,10.0,2,2,N,Semi-Automatic,Midsize Cars,N,Yes
3.0,6,30.2647,8,10.0,2,2,N,Semi-Automatic,Midsize Cars,N,Yes
4.4,8,25.4053,8,10.0,2,2,N,Semi-Automatic,Midsize Cars,N,Yes
4.4,8,24.9531,8,10.0,2,2,N,Semi-Automatic,Midsize Cars,N,No
3.0,6,33.1643,8,10.0,2,2,N,Semi-Automatic,Midsize Cars,N,Yes
4.4,8,20.525,7,10.0,2,2,N,Automated Manual- Selectable (e.g. Automated Manual with paddles),Midsize Cars,N,Yes
4.4,8,22.0541,6,10.0,2,2,N,Manual,Midsize Cars,N,Yes
2.4,4,38.0961,6,10.0,2,2,N,Semi-Automatic,Midsize Cars,N,Yes
3.6,6,27.6533,6,10.0,2,2,N,Semi-Automatic,Midsize Cars,N,No
3.6,6,28.9863,6,85.0,2,2,N,Semi-Automatic,Midsize Cars,N,No
3.6,6,26.0357,6,85.0,2,2,N,Semi-Automatic,Midsize Cars,N,No
2.0,4,31.3793,6,10.0,2,2,N,Semi-Automatic,Midsize Cars,N,No
2.0,4,31.5709,6,10.0,2,2,N,Manual,Midsize Cars,N,No
2.4,4,38.0961,6,10.0,2,2,N,Semi-Automatic,Midsize Cars,N,Yes
2.4,4,30.5156,6,10.0,2,2,N,Semi-Automatic,Midsize Cars,N,No
2.0,4,28.6649,6,10.0,2,2,N,Semi-Automatic,Midsize Cars,N,No
2.0,4,31.3188,6,10.0,2,2,N,Semi-Automatic,Midsize Cars,N,No
3.6,6,23.8404,8,10.0,2,2,N,Semi-Automatic,Midsize Cars,N,No
3.6,6,28.5685,8,10.0,2,2,N,Semi-Automatic,Midsize Cars,N,No
2.0,4,30.3806,6,10.0,2,2,N,Semi-Automatic,Midsize Cars,N,No
3.6,6,27.7996,6,10.0,2,2,N,Semi-Automatic,Midsize Cars,N,No
1.4,4,40.0906,6,10.0,2,2,N,Semi-Automatic,Midsize Cars,N,No
1.4,4,40.434,6,10.0,2,2,N,Manual,Midsize Cars,N,No
1.8,4,35.1331,6,10.0,2,2,N,Semi-Automatic,Midsize Cars,N,No
1.8,4,38.547,6,10.0,2,2,N,Manual,Midsize Cars,N,No
1.4,4,40.8125,6,10.0,2,2,N,Automatic,Midsize Cars,N,No
1.4,4,44.3585,6,10.0,2,2,N,Manual,Midsize Cars,N,No
3.6,6,25.6629,6,10.0,2,2,N,Semi-Automatic,Midsize Cars,N,No
2.0,4,31.3793,6,10.0,2,2,N,Semi-Automatic,Midsize Cars,N,No
2.5,4,39.2891,6,10.0,2,2,N,Semi-Automatic,Midsize Cars,N,Yes
1.4,4,40.8578,6,10.0,2,2,N,Semi-Automatic,Midsize Cars,N,No
1.4,4,43.9612,6,10.0,2,2,N,Manual,Midsize Cars,N,No
1.8,4,37.7924,6,10.0,2,2,N,Semi-Automatic,Midsize Cars,N,No
1.8,4,39.4158,5,10.0,2,2,N,Manual,Midsize Cars,N,No
1.4,4,37.6394,6,10.0,2,2,N,Semi-Automatic,Midsize Cars,N,No
1.4,4,39.3546,6,10.0,2,2,N,Manual,Midsize Cars,N,No
2.4,4,36.5912,9,10.0,2,2,N,Automatic,Midsize Cars,N,No
2.4,4,36.5912,9,85.0,2,2,N,Automatic,Midsize Cars,N,No
3.6,6,30.168,9,10.0,2,2,N,Automatic,Midsize Cars,N,No
3.6,6,30.168,9,85.0,2,2,N,Automatic,Midsize Cars,N,No
3.6,6,28.5513,9,10.0,2,2,N,Automatic,Midsize Cars,N,No
3.6,6,28.5513,9,85.0,2,2,N,Automatic,Midsize Cars,N,No
3.6,6,29.8923,8,10.0,2,2,N,Automatic,Midsize Cars,N,No
5.7,8,24.6534,8,10.0,1,1,N,Automatic,Midsize Cars,N,No
5.7,8,23.1399,6,10.0,1,1,N,Manual,Midsize Cars,N,No
6.4,8,23.4876,8,10.0,1,1,N,Automatic,Midsize Cars,N,No
6.4,8,21.6811,6,10.0,1,1,N,Manual,Midsize Cars,N,No
6.2,8,20.0858,8,10.0,1,1,N,Automatic,Midsize Cars,N,No
6.2,8,19.7548,6,10.0,1,1,N,Manual,Midsize Cars,N,No
6.4,8,23.4876,8,10.0,1,1,N,Automatic,Midsize Cars,N,No
6.4,8,21.6811,6,10.0,1,1,N,Manual,Midsize Cars,N,No
1.4,4,41.1267,6,10.0,2,2,N,Automated Manual,Midsize Cars,N,No
2.0,4,36.2993,6,85.0,2,2,N,Automatic,Midsize Cars,N,No
2.0,4,38.6792,6,10.0,2,2,N,Manual,Midsize Cars,N,No
2.4,4,36.1537,6,10.0,2,2,N,Automatic,Midsize Cars,N,No
2.4,4,35.3768,6,10.0,2,2,N,Manual,Midsize Cars,N,No
1.4,4,43.1946,6,10.0,2,2,N,Automated Manual,Midsize Cars,N,No
1.4,4,43.4096,6,10.0,2,2,N,Manual,Midsize Cars,N,No
2.4,4,33.7788,6,10.0,2,2,N,Automatic,Midsize Cars,N,No
2.4,4,35.3153,6,10.0,2,2,N,Manual,Midsize Cars,N,No
6.3,12,16.5736,7,10.0,2,2,N,Automated Manual,Midsize Cars,N,Yes
6.3,12,16.2512,7,10.0,2,2,N,Automated Manual,Midsize Cars,N,No
2.0,4,33.2116,6,15.0,2,2,N,Semi-Automatic,Midsize Cars,N,No
1.5,4,37.3411,6,15.0,2,2,N,Semi-Automatic,Midsize Cars,N,No
1.5,4,38.9194,6,15.0,2,2,N,Semi-Automatic,Midsize Cars,N,Yes
2.0,4,34.7404,6,15.0,2,2,N,Semi-Automatic,Midsize Cars,N,No
2.5,4,34.6744,6,15.0,2,2,N,Semi-Automatic,Midsize Cars,N,No
2.0,4,59.411,1,15.0,2,2,N,Continuously Variable,Midsize Cars,N,Yes
2.0,4,69.8931,1,10.0,2,2,N,Continuously Variable,Midsize Cars,N,Yes
2.4,4,40.8234,1,10.0,2,2,N,Continuously Variable,Midsize Cars,N,No
2.4,4,39.3283,7,10.0,2,2,N,Selectable Continuously Variable (e.g. CVT with paddles),Midsize Cars,N,No
2.4,4,36.3763,6,10.0,2,2,N,Manual,Midsize Cars,N,No
3.5,6,33.7537,6,10.0,2,2,N,Automatic,Midsize Cars,N,No
3.5,6,32.1739,6,10.0,2,2,N,Semi-Automatic,Midsize Cars,N,No
3.5,6,28.0575,6,10.0,2,2,N,Manual,Midsize Cars,N,No
1.8,4,42.2667,6,10.0,2,2,N,Semi-Automatic,Midsize Cars,N,No
1.8,4,40.9289,6,10.0,2,2,N,Manual,Midsize Cars,N,No
2.0,4,37.1821,6,10.0,2,2,N,Semi-Automatic,Midsize Cars,N,No
2.0,4,36.7729,6,10.0,2,2,N,Manual,Midsize Cars,N,No
2.0,4,36.8729,6,10.0,2,2,N,Semi-Automatic,Midsize Cars,N,No
2.0,4,35.9369,6,10.0,2,2,N,Manual,Midsize Cars,N,No
2.0,4,36.3263,6,10.0,2,2,N,Semi-Automatic,Midsize Cars,N,No
2.0,4,36.5058,6,10.0,2,2,N,Manual,Midsize Cars,N,No
1.8,4,41.1851,6,10.0,2,2,N,Semi-Automatic,Midsize Cars,N,No
2.4,4,51.5229,6,10.0,2,2,N,Automated Manual,Midsize Cars,N,Yes
2.4,4,51.2581,6,10.0,2,2,N,Automated Manual,Midsize Cars,N,Yes
3.7,6,28.3627,7,10.0,2,2,N,Semi-Automatic,Midsize Cars,N,No
3.7,6,27.0797,7,10.0,2,2,N,Semi-Automatic,Midsize Cars,N,No
5.6,8,24.8658,7,10.0,2,2,N,Semi-Automatic,Midsize Cars,N,No
3.7,6,26.3348,7,10.0,2,2,N,Semi-Automatic,Midsize Cars,N,No
5.6,8,23.5866,7,10.0,2,2,N,Semi-Automatic,Midsize Cars,N,No
3.5,6,42.0623,7,10.0,2,2,N,Semi-Automatic,Midsize Cars,N,Yes
2.0,4,29.3742,8,15.0,2,2,N,Semi-Automatic,Midsize Cars,N,No
3.0,6,27.9949,8,15.0,2,2,N,Semi-Automatic,Midsize Cars,N,Yes
5.0,8,22.9305,8,15.0,2,2,N,Semi-Automatic,Midsize Cars,N,Yes
3.0,6,26.292,8,15.0,2,2,N,Semi-Automatic,Midsize Cars,N,Yes
5.0,8,22.8956,8,85.0,2,2,N,Semi-Automatic,Midsize Cars,N,Yes
1.8,4,41.0252,6,10.0,2,2,N,Semi-Automatic,Midsize Cars,N,No
1.8,4,39.4295,6,10.0,2,2,N,Manual,Midsize Cars,N,No
2.0,4,38.3543,6,10.0,2,2,N,Semi-Automatic,Midsize Cars,N,No
2.0,4,31.0752,6,10.0,2,2,N,Semi-Automatic,Midsize Cars,N,No
2.4,4,35.1373,6,10.0,2,2,N,Semi-Automatic,Midsize Cars,N,No
2.4,4,51.5229,6,10.0,2,2,N,Automated Manual,Midsize Cars,N,Yes
2.4,4,50.3669,6,10.0,2,2,N,Automated Manual,Midsize Cars,N,Yes
2.5,4,55.2009,6,15.0,2,2,N,Selectable Continuously Variable (e.g. CVT with paddles),Midsize Cars,N,Yes
3.5,6,32.0515,6,15.0,2,2,N,Semi-Automatic,Midsize Cars,N,No
3.5,6,29.4338,8,15.0,2,2,N,Semi-Automatic,Midsize Cars,N,No
3.5,6,27.9371,6,15.0,2,2,N,Semi-Automatic,Midsize Cars,N,No
3.5,6,41.6347,8,15.0,2,2,N,Selectable Continuously Variable (e.g. CVT with paddles),Midsize Cars,N,Yes
4.6,8,24.7961,8,15.0,2,2,N,Semi-Automatic,Midsize Cars,N,No
4.6,8,23.5545,8,15.0,2,2,N,Semi-Automatic,Midsize Cars,N,No
4.6,8,24.7961,8,15.0,2,2,N,Semi-Automatic,Midsize Cars,N,No
4.6,8,23.5545,8,15.0,2,2,N,Semi-Automatic,Midsize Cars,N,No
5.0,8,26.9406,8,15.0,2,2,N,Selectable Continuously Variable (e.g. CVT with paddles),Midsize Cars,N,Yes
2.0,4,33.2116,6,15.0,2,2,N,Semi-Automatic,Midsize Cars,N,No
3.7,6,27.07,6,15.0,2,2,N,Semi-Automatic,Midsize Cars,N,No
2.0,4,34.7404,6,15.0,2,2,N,Semi-Automatic,Midsize Cars,N,No
3.7,6,28.0246,6,15.0,2,2,N,Semi-Automatic,Midsize Cars,N,No
2.0,4,59.4616,1,15.0,2,2,N,Continuously Variable,Midsize Cars,N,Yes
3.0,6,23.9607,8,10.0,2,2,N,Automatic,Midsize Cars,N,No
3.0,6,23.597,8,10.0,2,2,N,Automatic,Midsize Cars,N,No
2.5,4,43.3878,6,10.0,2,2,N,Semi-Automatic,Midsize Cars,N,No
2.5,4,40.4183,6,10.0,2,2,N,Semi-Automatic,Midsize Cars,N,No
2.5,4,38.695,6,10.0,2,2,N,Manual,Midsize Cars,N,No
2.0,4,45.1318,6,10.0,2,2,N,Semi-Automatic,Midsize Cars,N,No
2.0,4,44.3773,6,10.0,2,2,N,Manual,Midsize Cars,N,No
2.5,4,43.5479,6,10.0,2,2,N,Semi-Automatic,Midsize Cars,N,No
2.5,4,41.312,6,10.0,2,2,N,Semi-Automatic,Midsize Cars,N,No
2.5,4,38.9115,6,10.0,2,2,N,Manual,Midsize Cars,N,No
3.5,6,34.6012,7,10.0,2,2,N,Selectable Continuously Variable (e.g. CVT with paddles),Midsize Cars,N,No
1.8,4,40.4893,6,10.0,2,2,N,Manual,Midsize Cars,N,No
1.8,4,46.0818,1,10.0,2,2,N,Continuously Variable,Midsize Cars,N,No
6.6,12,19.3314,8,10.0,2,2,N,Semi-Automatic,Midsize Cars,N,No
2.5,4,39.7485,6,10.0,2,2,N,Selectable Continuously Variable (e.g. CVT with paddles),Midsize Cars,N,No
3.6,6,30.071,6,10.0,2,2,N,Selectable Continuously Variable (e.g. CVT with paddles),Midsize Cars,N,No
3.5,6,31.8528,6,15.0,2,2,N,Semi-Automatic,Midsize Cars,N,No
2.5,4,55.2009,6,15.0,2,2,N,Selectable Continuously Variable (e.g. CVT with paddles),Midsize Cars,N,Yes
2.5,4,38.1862,6,15.0,2,2,N,Semi-Automatic,Midsize Cars,N,No
3.5,6,32.5607,6,15.0,2,2,N,Semi-Automatic,Midsize Cars,N,No
2.5,4,57.4438,1,15.0,2,2,N,Continuously Variable,Midsize Cars,N,Yes
2.5,4,54.8426,1,15.0,2,2,N,Continuously Variable,Midsize Cars,N,Yes
1.8,4,41.2528,4,15.0,2,2,N,Automatic,Midsize Cars,N,No
1.8,4,43.5074,1,15.0,2,2,N,Continuously Variable,Midsize Cars,N,No
1.8,4,42.763,7,15.0,2,2,N,Selectable Continuously Variable (e.g. CVT with paddles),Midsize Cars,N,No
1.8,4,42.0956,6,15.0,2,2,N,Manual,Midsize Cars,N,No
1.8,4,46.8014,1,15.0,2,2,N,Continuously Variable,Midsize Cars,N,No
1.8,4,45.8707,1,15.0,2,2,N,Continuously Variable,Midsize Cars,N,No
1.8,4,70.9573,1,15.0,2,2,N,Continuously Variable,Midsize Cars,N,Yes
1.8,4,37.6995,6,15.0,2,2,N,Semi-Automatic,Midsize Cars,N,No
1.8,4,37.3437,5,15.0,2,2,N,Manual,Midsize Cars,N,No
3.6,6,28.5088,6,15.0,2,2,N,Automated Manual- Selectable (e.g. Automated Manual with paddles),Midsize Cars,N,No
3.0,6,28.0605,6,10.0,2,2,N,Semi-Automatic,Midsize Cars,N,No
2.0,4,38.7271,8,10.0,2,2,N,Semi-Automatic,Midsize Cars,N,Yes
3.0,6,28.8162,8,15.0,2,2,N,Semi-Automatic,Large Cars,N,Yes
4.0,8,27.6266,8,15.0,2,2,N,Semi-Automatic,Large Cars,N,Yes
6.3,12,20.9595,8,15.0,2,2,N,Semi-Automatic,Large Cars,N,No
2.0,4,34.4717,8,10.0,2,2,N,Semi-Automatic,Large Cars,N,Yes
3.0,6,30.948,8,10.0,2,2,N,Semi-Automatic,Large Cars,N,Yes
3.0,6,28.8289,8,10.0,2,2,N,Semi-Automatic,Large Cars,N,Yes
3.0,6,27.812,8,10.0,2,2,N,Semi-Automatic,Large Cars,N,Yes
4.4,8,24.9182,8,10.0,2,2,N,Semi-Automatic,Large Cars,N,Yes
4.4,8,24.0727,8,10.0,2,2,N,Semi-Automatic,Large Cars,N,Yes
3.0,6,29.4877,8,10.0,2,2,N,Semi-Automatic,Large Cars,N,Yes
3.0,6,29.4877,8,10.0,2,2,N,Semi-Automatic,Large Cars,N,Yes
3.0,6,28.9852,8,10.0,2,2,N,Semi-Automatic,Large Cars,N,Yes
4.4,8,25.4053,8,10.0,2,2,N,Semi-Automatic,Large Cars,N,Yes
4.4,8,24.0727,8,10.0,2,2,N,Semi-Automatic,Large Cars,N,Yes
4.4,8,24.9182,8,10.0,2,2,N,Semi-Automatic,Large Cars,N,Yes
4.4,8,24.0727,8,10.0,2,2,N,Semi-Automatic,Large Cars,N,Yes
6.0,12,19.4396,8,10.0,2,2,N,Semi-Automatic,Large Cars,N,No
3.0,6,33.4076,8,10.0,2,2,N,Semi-Automatic,Large Cars,N,Yes
4.4,8,24.9182,8,10.0,2,2,N,Semi-Automatic,Large Cars,N,Yes
4.4,8,24.0727,8,10.0,2,2,N,Semi-Automatic,Large Cars,N,Yes
4.4,8,24.9182,8,10.0,2,2,N,Semi-Automatic,Large Cars,N,Yes
4.4,8,24.0727,8,10.0,2,2,N,Semi-Automatic,Large Cars,N,Yes
2.0,4,35.1311,8,10.0,2,2,N,Semi-Automatic,Large Cars,N,Yes
2.0,4,33.9569,8,10.0,2,2,N,Semi-Automatic,Large Cars,N,Yes
3.0,6,27.2606,6,10.0,2,2,N,Semi-Automatic,Large Cars,N,No
3.6,6,27.6532,6,10.0,2,2,N,Semi-Automatic,Large Cars,N,No
3.6,6,24.1943,6,10.0,2,2,N,Semi-Automatic,Large Cars,N,No
3.6,6,26.3649,6,10.0,2,2,N,Semi-Automatic,Large Cars,N,No
2.5,4,35.8023,6,10.0,2,2,N,Semi-Automatic,Large Cars,N,Yes
3.6,6,28.9863,6,85.0,2,2,N,Semi-Automatic,Large Cars,N,No
3.6,6,27.6533,6,10.0,2,2,N,Semi-Automatic,Large Cars,N,No
3.6,6,28.1841,6,85.0,2,2,N,Automatic,Large Cars,N,No
3.6,6,29.8923,8,10.0,2,2,N,Automatic,Large Cars,N,No
3.6,6,29.8923,8,85.0,2,2,N,Automatic,Large Cars,N,No
5.7,8,24.6534,8,10.0,1,1,N,Automatic,Large Cars,N,No
3.6,6,27.9923,8,10.0,2,2,N,Automatic,Large Cars,N,No
3.6,6,27.9923,8,85.0,2,2,N,Automatic,Large Cars,N,No
3.6,6,29.8923,8,10.0,2,2,N,Automatic,Large Cars,N,No
3.6,6,29.8923,8,85.0,2,2,N,Automatic,Large Cars,N,No
5.7,8,24.6534,8,10.0,1,1,N,Automatic,Large Cars,N,No
3.6,6,27.9923,8,10.0,2,2,N,Automatic,Large Cars,N,No
3.6,6,27.9923,8,85.0,2,2,N,Automatic,Large Cars,N,No
6.2,8,20.0858,8,10.0,1,1,N,Automatic,Large Cars,N,No
6.4,8,23.4876,8,10.0,1,1,N,Automatic,Large Cars,N,No
2.0,4,54.9862,1,15.0,2,2,N,Continuously Variable,Large Cars,N,Yes
3.5,6,27.2264,6,15.0,2,2,N,Semi-Automatic,Large Cars,N,No
3.5,6,25.6992,6,15.0,2,2,N,Semi-Automatic,Large Cars,N,No
3.5,6,27.2264,6,85.0,2,2,N,Semi-Automatic,Large Cars,N,No
2.0,4,34.5365,6,15.0,2,2,N,Semi-Automatic,Large Cars,N,No
3.5,6,29.5687,6,15.0,2,2,N,Semi-Automatic,Large Cars,N,No
3.5,6,29.5688,6,85.0,2,2,N,Semi-Automatic,Large Cars,N,No
3.3,6,30.0156,6,10.0,2,2,N,Semi-Automatic,Large Cars,N,No
3.3,6,29.0083,6,10.0,2,2,N,Semi-Automatic,Large Cars,N,No
5.0,8,22.8351,8,15.0,2,2,N,Automatic,Large Cars,N,No
3.8,6,25.0911,8,10.0,2,2,N,Automatic,Large Cars,N,No
3.8,6,28.1856,8,10.0,2,2,N,Automatic,Large Cars,N,No
5.0,8,22.6895,8,10.0,2,2,N,Automatic,Large Cars,N,No
1.6,4,42.4116,7,10.0,2,2,N,Automated Manual,Large Cars,N,No
2.0,4,34.184,6,10.0,2,2,N,Semi-Automatic,Large Cars,N,No
2.4,4,38.2792,6,10.0,2,2,N,Semi-Automatic,Large Cars,N,No
2.0,4,32.4015,6,10.0,2,2,N,Semi-Automatic,Large Cars,N,No
2.4,4,36.6619,6,10.0,2,2,N,Semi-Automatic,Large Cars,N,No
5.0,8,22.7512,8,15.0,2,2,N,Semi-Automatic,Large Cars,N,Yes
3.0,6,24.5721,8,15.0,2,2,N,Semi-Automatic,Large Cars,N,Yes
3.0,6,27.5347,8,85.0,2,2,N,Semi-Automatic,Large Cars,N,Yes
5.0,8,22.7512,8,85.0,2,2,N,Semi-Automatic,Large Cars,N,Yes
5.0,8,22.7512,8,15.0,2,2,N,Semi-Automatic,Large Cars,N,Yes
3.0,6,24.4657,8,15.0,2,2,N,Semi-Automatic,Large Cars,N,Yes
3.0,6,26.0123,8,85.0,2,2,N,Semi-Automatic,Large Cars,N,Yes
5.0,8,22.7512,8,85.0,2,2,N,Semi-Automatic,Large Cars,N,Yes
3.3,6,28.1656,6,10.0,2,2,N,Automatic,Large Cars,N,No
1.6,4,31.8522,6,10.0,2,2,N,Semi-Automatic,Large Cars,N,No
1.6,4,31.6054,6,10.0,2,2,N,Manual,Large Cars,N,No
2.0,4,37.467,6,10.0,2,2,N,Semi-Automatic,Large Cars,N,No
3.8,6,27.0972,8,10.0,2,2,N,Automatic,Large Cars,N,No
5.0,8,22.8724,8,10.0,2,2,N,Automatic,Large Cars,N,No
3.5,6,25.6992,6,15.0,2,2,N,Semi-Automatic,Large Cars,N,No
3.7,6,27.2739,6,15.0,2,2,N,Semi-Automatic,Large Cars,N,No
3.7,6,29.0626,6,15.0,2,2,N,Semi-Automatic,Large Cars,N,No
3.8,8,20.8445,8,10.0,2,2,N,Automatic,Large Cars,N,No
3.0,6,23.3195,8,10.0,2,2,N,Automatic,Large Cars,N,No
6.6,12,18.7023,8,10.0,2,2,N,Semi-Automatic,Large Cars,N,No
6.6,12,18.7023,8,10.0,2,2,N,Semi-Automatic,Large Cars,N,No
6.7,12,17.4989,8,10.0,2,2,N,Semi-Automatic,Large Cars,N,No
6.7,12,17.4353,8,10.0,2,2,N,Semi-Automatic,Large Cars,N,No
2.0,4,31.1732,8,85.0,2,2,N,Semi-Automatic,Small Station Wagons,N,No
2.0,4,34.4717,8,10.0,2,2,N,Semi-Automatic,Small Station Wagons,N,Yes
1.4,4,33.1552,6,10.0,2,2,N,Automatic,Small Station Wagons,N,No
1.4,4,35.8795,6,10.0,2,2,N,Automated Manual,Small Station Wagons,N,No
1.4,4,37.7104,6,10.0,2,2,N,Manual,Small Station Wagons,N,No
1.5,4,50.1953,1,10.0,2,2,N,Continuously Variable,Small Station Wagons,N,No
1.5,4,47.3261,7,10.0,2,2,N,Selectable Continuously Variable (e.g. CVT with paddles),Small Station Wagons,N,No
1.5,4,43.1462,6,10.0,2,2,N,Manual,Small Station Wagons,N,No
3.7,6,26.4425,7,10.0,2,2,N,Semi-Automatic,Small Station Wagons,N,No
3.7,6,25.8367,7,10.0,2,2,N,Semi-Automatic,Small Station Wagons,N,No
1.6,4,34.991,6,10.0,2,2,N,Semi-Automatic,Small Station Wagons,N,No
1.6,4,34.7341,6,10.0,2,2,N,Manual,Small Station Wagons,N,No
2.0,4,34.618,6,10.0,2,2,N,Semi-Automatic,Small Station Wagons,N,No
2.0,4,35.4215,6,10.0,2,2,N,Semi-Automatic,Small Station Wagons,N,Yes
1.6,4,40.7281,6,15.0,2,2,N,Manual,Small Station Wagons,N,No
1.6,4,38.2018,7,15.0,2,2,N,Selectable Continuously Variable (e.g. CVT with paddles),Small Station Wagons,N,No
1.6,4,38.1099,6,10.0,2,2,N,Manual,Small Station Wagons,N,No
2.4,4,31.5448,4,15.0,2,2,N,Semi-Automatic,Small Station Wagons,N,No
2.4,4,31.7078,5,15.0,2,2,N,Manual,Small Station Wagons,N,No
2.0,4,40.96,6,10.0,2,2,N,Selectable Continuously Variable (e.g. CVT with paddles),Small Station Wagons,N,No
2.0,4,36.5584,5,10.0,2,2,N,Manual,Small Station Wagons,N,No
2.0,4,41.8343,6,10.0,2,2,N,Selectable Continuously Variable (e.g. CVT with paddles),Small Station Wagons,N,No
2.0,4,37.5307,5,10.0,2,2,N,Manual,Small Station Wagons,N,No
1.8,4,38.567,6,15.0,2,2,N,Semi-Automatic,Small Station Wagons,N,No
1.8,4,38.0792,5,15.0,2,2,N,Manual,Small Station Wagons,N,No
2.5,5,30.5489,6,10.0,2,2,N,Semi-Automatic,Small Station Wagons,N,No
3.0,6,28.0605,6,10.0,2,2,N,Semi-Automatic,Small Station Wagons,N,No
2.0,4,38.7271,8,10.0,2,2,N,Semi-Automatic,Small Station Wagons,N,Yes
3.0,6,27.7996,6,10.0,2,2,N,Semi-Automatic,Small Station Wagons,N,No
2.0,4,33.5142,7,10.0,2,2,N,Automated Manual,Midsize Station Wagons,N,Yes
3.5,6,31.643,7,10.0,2,2,N,Selectable Continuously Variable (e.g. CVT with paddles),Midsize Station Wagons,N,No
3.5,6,32.1491,7,10.0,2,2,N,Selectable Continuously Variable (e.g. CVT with paddles),Midsize Station Wagons,N,No
1.8,4,58.6617,1,15.0,2,2,N,Continuously Variable,Midsize Station Wagons,N,Yes
2.5,4,29.3283,6,10.0,2,2,N,Automatic,Small Pick-up Trucks 2WD,N,No
2.5,4,28.3591,6,10.0,2,2,N,Manual,Small Pick-up Trucks 2WD,N,No
3.6,6,27.1487,6,10.0,2,2,N,Automatic,Small Pick-up Trucks 2WD,N,No
2.5,4,29.3283,6,10.0,2,2,N,Automatic,Small Pick-up Trucks 2WD,N,No
2.5,4,28.3591,6,10.0,2,2,N,Manual,Small Pick-up Trucks 2WD,N,No
3.6,6,27.1487,6,10.0,2,2,N,Automatic,Small Pick-up Trucks 2WD,N,No
4.0,6,23.728,5,10.0,2,2,N,Automatic,Small Pick-up Trucks 2WD,N,No
4.0,6,24.3451,6,10.0,2,2,N,Manual,Small Pick-up Trucks 2WD,N,No
2.7,4,28.2744,4,15.0,2,2,N,Automatic,Small Pick-up Trucks 2WD,N,No
2.7,4,30.2161,5,15.0,2,2,N,Manual,Small Pick-up Trucks 2WD,N,No
4.0,6,24.449,5,15.0,2,2,N,Automatic,Small Pick-up Trucks 2WD,N,No
4.0,6,23.3652,6,15.0,2,2,N,Manual,Small Pick-up Trucks 2WD,N,No
2.5,4,27.2579,6,10.0,2,2,N,Automatic,Small Pick-up Trucks 4WD,N,No
3.6,6,25.8651,6,10.0,2,2,N,Automatic,Small Pick-up Trucks 4WD,N,No
2.5,4,27.2579,6,10.0,2,2,N,Automatic,Small Pick-up Trucks 4WD,N,No
3.6,6,25.8651,6,10.0,2,2,N,Automatic,Small Pick-up Trucks 4WD,N,No
4.0,6,23.2094,6,10.0,2,2,N,Manual,Small Pick-up Trucks 4WD,N,No
2.7,4,25.7284,4,15.0,2,2,N,Automatic,Small Pick-up Trucks 4WD,N,No
2.7,4,25.8242,5,15.0,2,2,N,Manual,Small Pick-up Trucks 4WD,N,No
4.0,6,23.0853,5,15.0,2,2,N,Automatic,Small Pick-up Trucks 4WD,N,No
4.0,6,21.7435,6,15.0,2,2,N,Manual,Small Pick-up Trucks 4WD,N,No
4.3,6,25.8615,6,85.0,1,1,N,Automatic,Standard Pick-up Trucks 2WD,N,No
5.3,8,24.0586,6,85.0,1,1,N,Automatic,Standard Pick-up Trucks 2WD,N,No
5.3,8,24.0567,6,10.0,1,1,N,Automatic,Standard Pick-up Trucks 2WD,N,No
6.2,8,21.6821,8,10.0,1,1,N,Automatic,Standard Pick-up Trucks 2WD,N,No
2.7,6,28.459,6,15.0,2,2,N,Semi-Automatic,Standard Pick-up Trucks 2WD,N,Yes
3.5,6,25.5817,6,15.0,2,2,N,Semi-Automatic,Standard Pick-up Trucks 2WD,N,No
3.5,6,26.5552,6,85.0,2,2,N,Automatic,Standard Pick-up Trucks 2WD,N,No
4.3,6,25.8887,6,85.0,1,1,N,Automatic,Standard Pick-up Trucks 2WD,N,No
5.3,8,24.0561,6,85.0,1,1,N,Automatic,Standard Pick-up Trucks 2WD,N,No
5.3,8,24.0597,6,10.0,1,1,N,Automatic,Standard Pick-up Trucks 2WD,N,No
6.2,8,22.2669,8,10.0,1,1,N,Automatic,Standard Pick-up Trucks 2WD,N,No
5.6,8,19.0073,5,85.0,2,2,N,Automatic,Standard Pick-up Trucks 2WD,N,No
3.6,6,25.6217,8,10.0,2,2,N,Automatic,Standard Pick-up Trucks 2WD,N,No
3.6,6,25.6217,8,85.0,2,2,N,Automatic,Standard Pick-up Trucks 2WD,N,No
5.7,8,20.4256,6,10.0,1,1,N,Automatic,Standard Pick-up Trucks 2WD,N,No
5.7,8,22.3445,8,10.0,1,1,N,Automatic,Standard Pick-up Trucks 2WD,N,No
3.6,6,27.2124,8,10.0,2,2,N,Automatic,Standard Pick-up Trucks 2WD,N,Yes
4.6,8,21.3053,6,15.0,2,2,N,Semi-Automatic,Standard Pick-up Trucks 2WD,N,No
5.7,8,19.176,6,15.0,2,2,N,Semi-Automatic,Standard Pick-up Trucks 2WD,N,No
4.3,6,24.3322,6,85.0,1,1,N,Automatic,Standard Pick-up Trucks 4WD,N,No
5.3,8,23.4597,6,85.0,1,1,N,Automatic,Standard Pick-up Trucks 4WD,N,No
5.3,8,23.4536,6,10.0,1,1,N,Automatic,Standard Pick-up Trucks 4WD,N,No
6.2,8,22.0201,8,10.0,1,1,N,Automatic,Standard Pick-up Trucks 4WD,N,No
2.7,6,25.5058,6,15.0,2,2,N,Semi-Automatic,Standard Pick-up Trucks 4WD,N,Yes
3.5,6,24.445,6,15.0,2,2,N,Semi-Automatic,Standard Pick-up Trucks 4WD,N,No
3.5,6,24.9052,6,85.0,2,2,N,Automatic,Standard Pick-up Trucks 4WD,N,No
4.3,6,24.3443,6,85.0,1,1,N,Automatic,Standard Pick-up Trucks 4WD,N,No
5.3,8,23.4612,6,85.0,1,1,N,Automatic,Standard Pick-up Trucks 4WD,N,No
5.3,8,23.4306,6,10.0,1,1,N,Automatic,Standard Pick-up Trucks 4WD,N,No
6.2,8,22.0201,8,10.0,1,1,N,Automatic,Standard Pick-up Trucks 4WD,N,No
5.6,8,17.8409,5,10.0,2,2,N,Automatic,Standard Pick-up Trucks 4WD,N,No
5.6,8,17.8923,5,85.0,2,2,N,Automatic,Standard Pick-up Trucks 4WD,N,No
3.6,6,24.216,8,10.0,2,2,N,Automatic,Standard Pick-up Trucks 4WD,N,No
3.6,6,24.216,8,85.0,2,2,N,Automatic,Standard Pick-up Trucks 4WD,N,No
5.7,8,19.616,6,10.0,1,1,N,Automatic,Standard Pick-up Trucks 4WD,N,No
5.7,8,21.6435,8,10.0,1,1,N,Automatic,Standard Pick-up Trucks 4WD,N,No
4.6,8,20.3268,6,15.0,2,2,N,Semi-Automatic,Standard Pick-up Trucks 4WD,N,No
5.7,8,18.8565,6,15.0,2,2,N,Semi-Automatic,Standard Pick-up Trucks 4WD,N,No
5.7,8,18.8684,6,85.0,2,2,N,Semi-Automatic,Standard Pick-up Trucks 4WD,N,No
6.0,8,15.2838,6,10.0,1,1,N,Automatic,"Vans, Cargo Types",N,No
6.0,8,15.13,6,85.0,1,1,N,Automatic,"Vans, Cargo Types",N,No
6.0,8,15.2838,6,10.0,1,1,N,Automatic,"Vans, Cargo Types",N,No
6.0,8,15.13,6,85.0,1,1,N,Automatic,"Vans, Cargo Types",N,No
4.8,8,16.6993,6,10.0,1,1,N,Automatic,"Vans, Passenger Type",N,No
6.0,8,15.9434,6,10.0,1,1,N,Automatic,"Vans, Passenger Type",N,No
6.0,8,15.9434,6,85.0,1,1,N,Automatic,"Vans, Passenger Type",N,No
4.8,8,16.6466,6,10.0,1,1,N,Automatic,"Vans, Passenger Type",N,No
6.0,8,15.7705,6,10.0,1,1,N,Automatic,"Vans, Passenger Type",N,No
6.0,8,15.6846,6,85.0,1,1,N,Automatic,"Vans, Passenger Type",N,No
3.5,6,20.5639,6,15.0,2,2,N,Semi-Automatic,"Vans, Passenger Type",N,No
3.7,6,20.4269,6,85.0,2,2,N,Semi-Automatic,"Vans, Passenger Type",N,No
4.8,8,16.6993,6,10.0,1,1,N,Automatic,"Vans, Passenger Type",N,No
6.0,8,15.9434,6,10.0,1,1,N,Automatic,"Vans, Passenger Type",N,No
6.0,8,15.9434,6,85.0,1,1,N,Automatic,"Vans, Passenger Type",N,No
4.8,8,16.6707,6,10.0,1,1,N,Automatic,"Vans, Passenger Type",N,No
6.0,8,15.8069,6,10.0,1,1,N,Automatic,"Vans, Passenger Type",N,No
6.0,8,15.718,6,85.0,1,1,N,Automatic,"Vans, Passenger Type",N,No
3.6,6,21.262,6,10.0,2,2,N,Semi-Automatic,Special Purpose Vehicle 2WD,N,No
3.6,6,21.6655,6,10.0,2,2,N,Semi-Automatic,Special Purpose Vehicle 2WD,N,No
1.6,4,33.0521,6,15.0,2,2,N,Semi-Automatic,Special Purpose Vehicle 2WD,N,No
2.5,4,31.0921,6,15.0,2,2,N,Semi-Automatic,Special Purpose Vehicle 2WD,N,No
1.6,4,32.9927,6,15.0,2,2,N,Semi-Automatic,Special Purpose Vehicle 2WD,N,No
2.5,4,30.1896,6,15.0,2,2,N,Semi-Automatic,Special Purpose Vehicle 2WD,N,No
2.5,4,29.6074,6,15.0,2,2,N,Semi-Automatic,Special Purpose Vehicle 2WD,N,No
2.0,4,30.4629,6,15.0,2,2,N,Semi-Automatic,Special Purpose Vehicle 2WD,N,No
2.0,4,34.1029,1,10.0,2,2,N,Continuously Variable,Special Purpose Vehicle 2WD,N,No
2.4,4,31.4586,9,10.0,2,2,N,Automatic,Special Purpose Vehicle 2WD,N,No
3.7,6,24.978,6,15.0,2,2,N,Automatic,Special Purpose Vehicle 4WD,N,No
4.3,6,24.8429,6,85.0,1,1,N,Automatic,Special Purpose Vehicle cab chassis,N,No
5.3,8,23.8945,6,10.0,1,1,N,Automatic,Special Purpose Vehicle cab chassis,N,No
5.3,8,23.8945,6,85.0,1,1,N,Automatic,Special Purpose Vehicle cab chassis,N,No
3.6,6,20.5916,6,10.0,2,2,N,Automatic,Special Purpose Vehicle cab chassis,N,No
4.3,6,24.8429,6,85.0,1,1,N,Automatic,Special Purpose Vehicle cab chassis,N,No
5.3,8,23.8945,6,10.0,1,1,N,Automatic,Special Purpose Vehicle cab chassis,N,No
5.3,8,23.8945,6,85.0,1,1,N,Automatic,Special Purpose Vehicle cab chassis,N,No
3.6,6,20.5916,6,10.0,2,2,N,Automatic,Special Purpose Vehicle cab chassis,N,No
4.3,6,24.3113,6,85.0,1,1,N,Automatic,Special Purpose Vehicle cab chassis,N,No
5.3,8,23.0686,6,10.0,1,1,N,Automatic,Special Purpose Vehicle cab chassis,N,No
5.3,8,23.0686,6,85.0,1,1,N,Automatic,Special Purpose Vehicle cab chassis,N,No
3.6,6,25.9349,6,10.0,2,2,N,Automatic,"Special Purpose Vehicle, minivan 2WD",N,No
3.6,6,25.9349,6,85.0,2,2,N,Automatic,"Special Purpose Vehicle, minivan 2WD",N,No
3.6,6,25.9349,6,10.0,2,2,N,Automatic,"Special Purpose Vehicle, minivan 2WD",N,No
3.6,6,25.9349,6,85.0,2,2,N,Automatic,"Special Purpose Vehicle, minivan 2WD",N,No
3.5,6,28.9732,6,10.0,2,2,N,Automatic,"Special Purpose Vehicle, minivan 2WD",N,No
3.3,6,26.3588,6,10.0,2,2,N,Semi-Automatic,"Special Purpose Vehicle, minivan 2WD",N,No
3.3,6,26.9606,6,10.0,2,2,N,Semi-Automatic,"Special Purpose Vehicle, minivan 2WD",N,No
3.3,6,24.3943,6,10.0,2,2,N,Semi-Automatic,"Special Purpose Vehicle, minivan 2WD",N,No
2.5,4,32.1203,5,10.0,2,2,N,Semi-Automatic,"Special Purpose Vehicle, minivan 2WD",N,No
3.5,6,29.2676,1,10.0,2,2,N,Continuously Variable,"Special Purpose Vehicle, minivan 2WD",N,No
3.6,6,26.7474,6,85.0,2,2,N,Automatic,"Special Purpose Vehicle, minivan 2WD",N,No
3.6,6,26.7474,6,10.0,2,2,N,Automatic,"Special Purpose Vehicle, minivan 2WD",N,No
3.5,6,26.8121,6,15.0,2,2,N,Semi-Automatic,"Special Purpose Vehicle, minivan 2WD",N,No
3.5,6,24.2977,6,15.0,2,2,N,Semi-Automatic,"Special Purpose Vehicle, minivan 4WD",N,No
3.5,6,30.0497,6,10.0,2,2,N,Semi-Automatic,Small SUV 2WD,N,No
3.5,6,30.1304,6,10.0,2,2,N,Semi-Automatic,Small SUV 2WD,N,No
2.0,4,31.2523,8,10.0,2,2,N,Semi-Automatic,Small SUV 2WD,N,Yes
1.4,4,40.0906,6,10.0,2,2,N,Semi-Automatic,Small SUV 2WD,N,No
2.4,4,34.0888,6,85.0,2,2,N,Automatic,Small SUV 2WD,N,No
2.4,4,34.0888,6,10.0,2,2,N,Automatic,Small SUV 2WD,N,No
2.4,4,34.0888,6,85.0,2,2,N,Automatic,Small SUV 2WD,N,No
3.6,6,25.2919,6,10.0,2,2,N,Automatic,Small SUV 2WD,N,No
1.4,4,40.0906,6,10.0,2,2,N,Semi-Automatic,Small SUV 2WD,N,No
2.4,4,27.6702,4,10.0,2,2,N,Automatic,Small SUV 2WD,N,No
3.6,6,25.257,6,85.0,2,2,N,Automatic,Small SUV 2WD,N,No
2.0,4,31.3984,6,15.0,2,2,N,Semi-Automatic,Small SUV 2WD,N,No
2.0,4,31.5932,6,15.0,2,2,N,Semi-Automatic,Small SUV 2WD,N,Yes
2.7,6,27.9255,6,15.0,2,2,N,Semi-Automatic,Small SUV 2WD,N,No
3.5,6,27.0401,6,15.0,2,2,N,Semi-Automatic,Small SUV 2WD,N,No
1.6,4,34.3663,6,15.0,2,2,N,Semi-Automatic,Small SUV 2WD,N,No
2.0,4,32.2717,6,15.0,2,2,N,Semi-Automatic,Small SUV 2WD,N,No
2.5,4,32.73,6,15.0,2,2,N,Semi-Automatic,Small SUV 2WD,N,No
2.4,4,34.0888,6,10.0,2,2,N,Automatic,Small SUV 2WD,N,No
2.4,4,34.0888,6,85.0,2,2,N,Automatic,Small SUV 2WD,N,No
3.6,6,25.2919,6,10.0,2,2,N,Automatic,Small SUV 2WD,N,No
2.4,4,33.086,5,10.0,2,2,N,Automatic,Small SUV 2WD,N,No
3.5,6,30.5199,6,10.0,2,2,N,Semi-Automatic,Small SUV 2WD,N,No
2.4,4,39.3999,1,10.0,2,2,N,Continuously Variable,Small SUV 2WD,N,No
3.5,6,26.7001,5,10.0,2,2,N,Automatic,Small SUV 2WD,N,No
3.3,6,26.9146,6,10.0,2,2,N,Semi-Automatic,Small SUV 2WD,N,No
2.0,4,28.5339,6,10.0,2,2,N,Semi-Automatic,Small SUV 2WD,N,No
2.4,4,29.8745,6,10.0,2,2,N,Semi-Automatic,Small SUV 2WD,N,No
2.0,4,28.6571,6,10.0,2,2,N,Semi-Automatic,Small SUV 2WD,N,No
3.3,6,25.9196,6,10.0,2,2,N,Semi-Automatic,Small SUV 2WD,N,No
2.0,4,33.3719,6,10.0,2,2,N,Automatic,Small SUV 2WD,N,No
2.4,4,30.8667,6,10.0,2,2,N,Automatic,Small SUV 2WD,N,No
3.5,6,30.622,7,10.0,2,2,N,Selectable Continuously Variable (e.g. CVT with paddles),Small SUV 2WD,N,No
3.7,6,25.2918,7,10.0,2,2,N,Semi-Automatic,Small SUV 2WD,N,No
2.4,4,32.6673,9,10.0,2,2,N,Automatic,Small SUV 2WD,N,No
2.4,4,32.6673,9,85.0,2,2,N,Automatic,Small SUV 2WD,N,No
3.2,6,31.1365,9,10.0,2,2,N,Automatic,Small SUV 2WD,N,Yes
2.0,4,31.4687,1,10.0,2,2,N,Continuously Variable,Small SUV 2WD,N,No
2.0,4,33.8583,5,10.0,2,2,N,Manual,Small SUV 2WD,N,No
2.4,4,30.8233,6,10.0,2,2,N,Automatic,Small SUV 2WD,N,No
2.4,4,33.3806,5,10.0,2,2,N,Manual,Small SUV 2WD,N,No
2.0,4,31.4687,1,10.0,2,2,N,Continuously Variable,Small SUV 2WD,N,No
2.0,4,33.8583,5,10.0,2,2,N,Manual,Small SUV 2WD,N,No
2.4,4,30.8233,6,10.0,2,2,N,Automatic,Small SUV 2WD,N,No
2.4,4,33.3806,5,10.0,2,2,N,Manual,Small SUV 2WD,N,No
1.4,4,35.3856,6,10.0,2,2,N,Manual,Small SUV 2WD,N,No
2.4,4,33.0335,9,85.0,2,2,N,Automatic,Small SUV 2WD,N,No
3.3,6,27.2497,6,10.0,2,2,N,Automatic,Small SUV 2WD,N,No
2.0,4,29.7505,6,10.0,2,2,N,Automatic,Small SUV 2WD,N,No
2.4,4,30.8531,6,10.0,2,2,N,Automatic,Small SUV 2WD,N,No
2.0,4,28.9693,6,10.0,2,2,N,Semi-Automatic,Small SUV 2WD,N,No
2.0,4,32.6621,6,15.0,2,2,N,Semi-Automatic,Small SUV 2WD,N,No
2.5,4,44.8402,6,15.0,2,2,N,Selectable Continuously Variable (e.g. CVT with paddles),Small SUV 2WD,N,Yes
3.5,6,26.9745,6,15.0,2,2,N,Semi-Automatic,Small SUV 2WD,N,No
3.5,6,40.3557,6,15.0,2,2,N,Selectable Continuously Variable (e.g. CVT with paddles),Small SUV 2WD,N,Yes
2.0,4,34.5365,6,15.0,2,2,N,Semi-Automatic,Small SUV 2WD,N,No
3.7,6,26.6975,6,15.0,2,2,N,Semi-Automatic,Small SUV 2WD,N,No
2.0,4,38.4668,6,10.0,2,2,N,Semi-Automatic,Small SUV 2WD,N,No
2.0,4,39.1805,6,10.0,2,2,N,Manual,Small SUV 2WD,N,No
2.5,4,36.3554,6,10.0,2,2,N,Semi-Automatic,Small SUV 2WD,N,No
3.7,6,25.2471,6,10.0,2,2,N,Semi-Automatic,Small SUV 2WD,N,No
3.5,6,27.7782,7,10.0,2,2,N,Automatic,Small SUV 2WD,N,Yes
2.4,4,35.9946,6,10.0,2,2,N,Selectable Continuously Variable (e.g. CVT with paddles),Small SUV 2WD,N,No
2.0,4,37.2849,6,10.0,2,2,N,Selectable Continuously Variable (e.g. CVT with paddles),Small SUV 2WD,N,No
2.0,4,34.3408,5,10.0,2,2,N,Manual,Small SUV 2WD,N,No
2.4,4,33.6327,6,10.0,2,2,N,Selectable Continuously Variable (e.g. CVT with paddles),Small SUV 2WD,N,No
2.5,4,37.9228,1,10.0,2,2,N,Continuously Variable,Small SUV 2WD,N,No
4.0,6,23.5915,5,10.0,2,2,N,Automatic,Small SUV 2WD,N,No
2.7,4,29.965,6,15.0,2,2,N,Semi-Automatic,Small SUV 2WD,N,No
3.5,6,27.3233,6,15.0,2,2,N,Semi-Automatic,Small SUV 2WD,N,No
2.5,4,34.3146,6,15.0,2,2,N,Semi-Automatic,Small SUV 2WD,Y,No
2.5,4,34.9149,6,15.0,2,2,N,Semi-Automatic,Small SUV 2WD,N,No
2.7,4,30.6007,6,15.0,2,2,N,Semi-Automatic,Small SUV 2WD,N,No
3.5,6,28.0872,6,15.0,2,2,N,Semi-Automatic,Small SUV 2WD,N,No
2.0,4,29.7169,6,15.0,2,2,N,Semi-Automatic,Small SUV 2WD,N,No
2.0,4,35.5478,8,10.0,2,2,N,Semi-Automatic,Small SUV 2WD,N,Yes
2.0,4,35.5478,8,10.0,2,2,N,Semi-Automatic,Small SUV 2WD,N,Yes
2.0,4,33.0304,8,10.0,2,2,N,Semi-Automatic,Small SUV 2WD,N,Yes
2.0,4,35.5478,8,10.0,2,2,N,Semi-Automatic,Small SUV 2WD,N,Yes
3.5,6,27.9753,6,10.0,2,2,N,Semi-Automatic,Small SUV 4WD,N,No
3.5,6,29.0822,6,10.0,2,2,N,Semi-Automatic,Small SUV 4WD,N,No
2.0,4,29.5548,8,85.0,2,2,N,Semi-Automatic,Small SUV 4WD,N,No
3.0,6,27.2096,8,15.0,2,2,N,Semi-Automatic,Small SUV 4WD,N,No
2.0,4,34.048,8,15.0,2,2,N,Semi-Automatic,Small SUV 4WD,N,Yes
3.0,6,24.9252,8,15.0,2,2,N,Semi-Automatic,Small SUV 4WD,N,No
2.0,4,31.2523,8,10.0,2,2,N,Semi-Automatic,Small SUV 4WD,N,Yes
3.0,6,27.9258,8,10.0,2,2,N,Semi-Automatic,Small SUV 4WD,N,Yes
2.0,4,30.1432,8,10.0,2,2,N,Semi-Automatic,Small SUV 4WD,N,Yes
3.0,6,28.1224,8,10.0,2,2,N,Semi-Automatic,Small SUV 4WD,N,Yes
1.4,4,35.694,6,10.0,2,2,N,Semi-Automatic,Small SUV 4WD,N,No
2.4,4,30.7928,6,10.0,2,2,N,Automatic,Small SUV 4WD,N,No
2.4,4,30.7928,6,85.0,2,2,N,Automatic,Small SUV 4WD,N,No
3.6,6,24.1463,6,10.0,2,2,N,Automatic,Small SUV 4WD,N,No
1.4,4,35.694,6,10.0,2,2,N,Semi-Automatic,Small SUV 4WD,N,No
3.6,6,24.4714,6,10.0,2,2,N,Automatic,Small SUV 4WD,N,No
2.0,4,30.006,6,15.0,2,2,N,Semi-Automatic,Small SUV 4WD,N,No
2.7,6,25.7332,6,15.0,2,2,N,Semi-Automatic,Small SUV 4WD,N,No
3.5,6,25.7983,6,15.0,2,2,N,Semi-Automatic,Small SUV 4WD,N,No
1.6,4,32.8874,6,15.0,2,2,N,Semi-Automatic,Small SUV 4WD,N,No
2.0,4,30.7142,6,15.0,2,2,N,Semi-Automatic,Small SUV 4WD,N,No
2.4,4,30.7928,6,10.0,2,2,N,Automatic,Small SUV 4WD,N,No
3.6,6,24.1463,6,10.0,2,2,N,Automatic,Small SUV 4WD,N,No
3.5,6,28.6753,6,10.0,2,2,N,Semi-Automatic,Small SUV 4WD,N,No
2.4,4,37.9986,1,10.0,2,2,N,Continuously Variable,Small SUV 4WD,N,No
3.5,6,25.8089,5,10.0,2,2,N,Automatic,Small SUV 4WD,N,No
3.3,6,26.4026,6,10.0,2,2,N,Semi-Automatic,Small SUV 4WD,N,No
2.0,4,26.7546,6,10.0,2,2,N,Semi-Automatic,Small SUV 4WD,N,No
2.4,4,27.7568,6,10.0,2,2,N,Semi-Automatic,Small SUV 4WD,N,No
3.3,6,24.9197,6,10.0,2,2,N,Semi-Automatic,Small SUV 4WD,N,No
2.0,4,29.6382,6,10.0,2,2,N,Automatic,Small SUV 4WD,N,No
2.4,4,28.7825,6,10.0,2,2,N,Automatic,Small SUV 4WD,N,No
3.5,6,29.7273,7,10.0,2,2,N,Selectable Continuously Variable (e.g. CVT with paddles),Small SUV 4WD,N,No
3.7,6,23.7288,7,10.0,2,2,N,Semi-Automatic,Small SUV 4WD,N,No
2.4,4,31.0576,9,10.0,2,2,N,Automatic,Small SUV 4WD,N,No
2.4,4,31.0576,9,85.0,2,2,N,Automatic,Small SUV 4WD,N,No
3.2,6,30.2138,9,10.0,2,2,N,Automatic,Small SUV 4WD,N,Yes
2.4,4,30.4846,9,10.0,2,2,N,Automatic,Small SUV 4WD,N,No
3.2,6,28.0867,9,10.0,2,2,N,Automatic,Small SUV 4WD,N,Yes
2.4,4,28.3382,9,10.0,2,2,N,Automatic,Small SUV 4WD,N,No
3.2,6,28.5257,9,10.0,2,2,N,Automatic,Small SUV 4WD,N,Yes
2.4,4,30.2655,6,10.0,2,2,N,Automatic,Small SUV 4WD,N,No
2.4,4,27.8973,1,10.0,2,2,Y,Continuously Variable,Small SUV 4WD,N,No
2.4,4,31.9339,5,10.0,2,2,N,Manual,Small SUV 4WD,N,No
2.4,4,30.2655,6,10.0,2,2,N,Automatic,Small SUV 4WD,N,No
2.4,4,27.8973,1,10.0,2,2,Y,Continuously Variable,Small SUV 4WD,N,No
2.4,4,31.9339,5,10.0,2,2,N,Manual,Small SUV 4WD,N,No
1.4,4,36.703,6,10.0,2,2,N,Manual,Small SUV 4WD,N,No
2.4,4,31.6705,9,10.0,2,2,N,Automatic,Small SUV 4WD,N,No
3.6,6,23.9231,5,10.0,2,2,N,Automatic,Small SUV 4WD,N,No
3.6,6,23.9236,6,10.0,2,2,N,Manual,Small SUV 4WD,N,No
3.6,6,22.7455,5,10.0,2,2,N,Automatic,Small SUV 4WD,N,No
3.6,6,22.7871,6,10.0,2,2,N,Manual,Small SUV 4WD,N,No
3.3,6,25.8134,6,10.0,2,2,N,Automatic,Small SUV 4WD,N,No
2.0,4,27.1897,6,10.0,2,2,N,Automatic,Small SUV 4WD,N,No
2.4,4,28.6929,6,10.0,2,2,N,Automatic,Small SUV 4WD,N,No
2.0,4,28.044,6,10.0,2,2,N,Semi-Automatic,Small SUV 4WD,N,No
2.0,4,29.1587,9,15.0,2,2,N,Semi-Automatic,Small SUV 4WD,N,Yes
2.0,4,25.7022,9,15.0,2,2,N,Semi-Automatic,Small SUV 4WD,N,No
2.0,4,31.7256,9,15.0,2,2,N,Semi-Automatic,Small SUV 4WD,N,No
2.0,4,32.344,6,15.0,2,2,N,Semi-Automatic,Small SUV 4WD,N,No
2.0,4,31.421,6,15.0,2,2,N,Semi-Automatic,Small SUV 4WD,N,No
2.5,4,43.516,6,15.0,2,2,N,Selectable Continuously Variable (e.g. CVT with paddles),Small SUV 4WD,N,Yes
3.5,6,25.9873,6,15.0,2,2,N,Semi-Automatic,Small SUV 4WD,N,No
3.5,6,27.619,8,15.0,2,2,N,Semi-Automatic,Small SUV 4WD,N,No
3.5,6,38.568,6,15.0,2,2,N,Selectable Continuously Variable (e.g. CVT with paddles),Small SUV 4WD,N,Yes
2.0,4,31.0764,6,15.0,2,2,N,Semi-Automatic,Small SUV 4WD,N,No
2.3,4,27.2756,6,15.0,2,2,N,Semi-Automatic,Small SUV 4WD,N,No
3.7,6,25.1885,6,15.0,2,2,N,Semi-Automatic,Small SUV 4WD,N,No
2.0,4,36.7806,6,10.0,2,2,N,Semi-Automatic,Small SUV 4WD,N,No
2.5,4,34.7267,6,10.0,2,2,N,Semi-Automatic,Small SUV 4WD,N,No
3.7,6,23.9964,6,10.0,2,2,N,Semi-Automatic,Small SUV 4WD,N,No
2.4,4,34.3345,6,10.0,2,2,N,Selectable Continuously Variable (e.g. CVT with paddles),Small SUV 4WD,N,No
2.0,4,35.5696,6,10.0,2,2,N,Selectable Continuously Variable (e.g. CVT with paddles),Small SUV 4WD,N,No
2.4,4,32.4531,6,10.0,2,2,N,Selectable Continuously Variable (e.g. CVT with paddles),Small SUV 4WD,N,No
4.0,6,21.6742,5,10.0,2,2,N,Automatic,Small SUV 4WD,N,No
4.0,6,21.7774,6,10.0,2,2,N,Manual,Small SUV 4WD,N,No
3.0,6,25.1,7,10.0,2,2,N,Automated Manual- Selectable (e.g. Automated Manual with paddles),Small SUV 4WD,N,Yes
3.6,6,24.7122,7,10.0,2,2,N,Automated Manual- Selectable (e.g. Automated Manual with paddles),Small SUV 4WD,N,Yes
2.0,4,33.001,8,10.0,2,2,N,Selectable Continuously Variable (e.g. CVT with paddles),Small SUV 4WD,N,No
2.5,4,36.0919,1,10.0,2,2,N,Continuously Variable,Small SUV 4WD,N,No
2.5,4,32.561,6,10.0,2,2,N,Manual,Small SUV 4WD,N,No
2.5,4,37.4474,6,10.0,2,2,N,Selectable Continuously Variable (e.g. CVT with paddles),Small SUV 4WD,N,No
3.6,6,29.3513,6,10.0,2,2,N,Selectable Continuously Variable (e.g. CVT with paddles),Small SUV 4WD,N,No
2.0,4,38.5928,6,10.0,2,2,N,Selectable Continuously Variable (e.g. CVT with paddles),Small SUV 4WD,N,No
2.0,4,34.2039,5,10.0,2,2,N,Manual,Small SUV 4WD,N,No
2.0,4,42.4665,6,10.0,2,2,N,Selectable Continuously Variable (e.g. CVT with paddles),Small SUV 4WD,N,Yes
2.5,4,32.8549,6,15.0,2,2,N,Semi-Automatic,Small SUV 4WD,N,No
2.5,4,32.32,6,15.0,2,2,N,Semi-Automatic,Small SUV 4WD,N,No
2.7,4,30.5209,6,15.0,2,2,N,Semi-Automatic,Small SUV 4WD,N,No
3.5,6,27.2231,6,15.0,2,2,N,Semi-Automatic,Small SUV 4WD,N,No
2.0,4,29.5565,6,15.0,2,2,N,Semi-Automatic,Small SUV 4WD,N,No
2.5,5,29.8385,6,10.0,2,2,N,Semi-Automatic,Small SUV 4WD,N,No
2.5,5,26.7826,6,10.0,2,2,N,Semi-Automatic,Small SUV 4WD,N,No
3.0,6,25.4924,6,10.0,2,2,N,Semi-Automatic,Small SUV 4WD,N,No
3.2,6,26.273,6,10.0,2,2,N,Semi-Automatic,Small SUV 4WD,N,No
3.0,6,25.4924,6,10.0,2,2,N,Semi-Automatic,Small SUV 4WD,N,No
3.2,6,26.7141,6,10.0,2,2,N,Semi-Automatic,Small SUV 4WD,N,No
3.0,6,28.3253,8,10.0,2,2,N,Semi-Automatic,Standard SUV 2WD,N,Yes
3.0,6,28.3253,8,10.0,2,2,N,Semi-Automatic,Standard SUV 2WD,N,Yes
3.6,6,24.7921,6,10.0,2,2,N,Automatic,Standard SUV 2WD,N,No
6.2,8,21.7592,6,10.0,1,1,N,Automatic,Standard SUV 2WD,N,No
6.2,8,22.3814,8,10.0,1,1,N,Automatic,Standard SUV 2WD,N,No
6.2,8,21.7592,6,10.0,1,1,N,Automatic,Standard SUV 2WD,N,No
6.2,8,22.3814,8,10.0,1,1,N,Automatic,Standard SUV 2WD,N,No
3.6,6,24.887,6,10.0,2,2,N,Semi-Automatic,Standard SUV 2WD,N,No
5.3,8,23.8945,6,85.0,1,1,N,Automatic,Standard SUV 2WD,N,No
5.3,8,23.8945,6,10.0,1,1,N,Automatic,Standard SUV 2WD,N,No
5.3,8,23.8945,6,85.0,1,1,N,Automatic,Standard SUV 2WD,N,No
5.3,8,23.8945,6,10.0,1,1,N,Automatic,Standard SUV 2WD,N,No
3.6,6,24.7921,6,10.0,2,2,N,Automatic,Standard SUV 2WD,N,No
3.6,6,26.6374,8,85.0,2,2,N,Automatic,Standard SUV 2WD,N,No
5.7,8,21.4863,8,10.0,1,1,N,Automatic,Standard SUV 2WD,N,No
3.5,6,23.3561,6,15.0,2,2,N,Semi-Automatic,Standard SUV 2WD,N,No
3.5,6,21.8021,6,15.0,2,2,N,Semi-Automatic,Standard SUV 2WD,N,No
3.5,6,25.6055,6,85.0,2,2,N,Semi-Automatic,Standard SUV 2WD,N,No
2.0,4,29.6869,6,15.0,2,2,N,Automatic,Standard SUV 2WD,N,No
3.5,6,25.6055,6,15.0,2,2,N,Semi-Automatic,Standard SUV 2WD,N,No
3.5,6,26.4395,6,15.0,2,2,N,Semi-Automatic,Standard SUV 2WD,N,No
3.6,6,24.7921,6,10.0,2,2,N,Automatic,Standard SUV 2WD,N,No
5.3,8,23.8945,6,85.0,1,1,N,Automatic,Standard SUV 2WD,N,No
5.3,8,23.8945,6,10.0,1,1,N,Automatic,Standard SUV 2WD,N,No
6.2,8,21.7592,6,10.0,1,1,N,Automatic,Standard SUV 2WD,N,No
6.2,8,22.3814,8,10.0,1,1,N,Automatic,Standard SUV 2WD,N,No
5.3,8,23.8945,6,85.0,1,1,N,Automatic,Standard SUV 2WD,N,No
5.3,8,23.8945,6,10.0,1,1,N,Automatic,Standard SUV 2WD,N,No
6.2,8,21.7592,6,10.0,1,1,N,Automatic,Standard SUV 2WD,N,No
6.2,8,22.3814,8,10.0,1,1,N,Automatic,Standard SUV 2WD,N,No
5.6,8,20.9378,7,10.0,2,2,N,Semi-Automatic,Standard SUV 2WD,N,No
3.6,6,26.1282,8,85.0,2,2,N,Automatic,Standard SUV 2WD,N,No
5.7,8,21.6758,8,10.0,1,1,N,Automatic,Standard SUV 2WD,N,No
3.7,6,25.8927,6,15.0,2,2,N,Semi-Automatic,Standard SUV 2WD,N,No
3.5,6,23.3561,6,15.0,2,2,N,Semi-Automatic,Standard SUV 2WD,N,No
3.5,6,21.4598,6,15.0,2,2,N,Semi-Automatic,Standard SUV 2WD,N,No
5.6,8,18.7065,5,85.0,2,2,N,Automatic,Standard SUV 2WD,N,No
5.6,8,18.8533,5,10.0,2,2,N,Automatic,Standard SUV 2WD,N,No
4.0,6,24.6249,5,15.0,2,2,N,Semi-Automatic,Standard SUV 2WD,N,No
5.7,8,18.7255,6,15.0,2,2,N,Semi-Automatic,Standard SUV 2WD,N,No
3.0,6,23.0678,8,15.0,2,2,N,Semi-Automatic,Standard SUV 4WD,N,No
4.4,8,20.7274,8,10.0,2,2,N,Semi-Automatic,Standard SUV 4WD,N,Yes
3.0,6,27.6189,8,10.0,2,2,N,Semi-Automatic,Standard SUV 4WD,N,Yes
4.4,8,22.172,8,10.0,2,2,N,Semi-Automatic,Standard SUV 4WD,N,Yes
4.4,8,20.7274,8,10.0,2,2,N,Semi-Automatic,Standard SUV 4WD,N,Yes
3.0,6,27.6189,8,10.0,2,2,N,Semi-Automatic,Standard SUV 4WD,N,Yes
4.4,8,22.172,8,10.0,2,2,N,Semi-Automatic,Standard SUV 4WD,N,Yes
3.6,6,24.1906,6,10.0,2,2,N,Automatic,Standard SUV 4WD,N,No
6.2,8,21.603,6,10.0,1,1,N,Automatic,Standard SUV 4WD,N,No
6.2,8,22.0201,8,10.0,1,1,N,Automatic,Standard SUV 4WD,N,No
6.2,8,20.8419,6,10.0,1,1,N,Automatic,Standard SUV 4WD,N,No
6.2,8,21.2378,8,10.0,1,1,N,Automatic,Standard SUV 4WD,N,No
3.6,6,23.7628,6,10.0,2,2,N,Semi-Automatic,Standard SUV 4WD,N,No
4.3,6,24.3113,6,85.0,1,1,N,Automatic,Standard SUV 4WD,N,No
5.3,8,23.0686,6,10.0,1,1,N,Automatic,Standard SUV 4WD,N,No
5.3,8,23.0686,6,85.0,1,1,N,Automatic,Standard SUV 4WD,N,No
5.3,8,22.806,6,85.0,1,1,N,Automatic,Standard SUV 4WD,N,No
5.3,8,22.806,6,10.0,1,1,N,Automatic,Standard SUV 4WD,N,No
5.3,8,23.0686,6,85.0,1,1,N,Automatic,Standard SUV 4WD,N,No
5.3,8,23.0686,6,10.0,1,1,N,Automatic,Standard SUV 4WD,N,No
3.6,6,24.1906,6,10.0,2,2,N,Automatic,Standard SUV 4WD,N,No
3.6,6,25.2654,8,85.0,2,2,N,Automatic,Standard SUV 4WD,N,No
5.7,8,21.013,8,10.0,1,1,N,Automatic,Standard SUV 4WD,N,No
3.5,6,21.3023,6,15.0,2,2,N,Semi-Automatic,Standard SUV 4WD,N,No
3.5,6,21.0442,6,15.0,2,2,N,Semi-Automatic,Standard SUV 4WD,N,No
3.5,6,23.6869,6,15.0,2,2,N,Semi-Automatic,Standard SUV 4WD,N,No
3.5,6,24.4531,6,15.0,2,2,N,Semi-Automatic,Standard SUV 4WD,N,No
3.5,6,24.4531,6,85.0,2,2,N,Semi-Automatic,Standard SUV 4WD,N,No
3.5,6,23.8795,6,15.0,2,2,N,Semi-Automatic,Standard SUV 4WD,N,No
3.5,6,25.2316,6,15.0,2,2,N,Semi-Automatic,Standard SUV 4WD,N,No
3.6,6,24.1906,6,10.0,2,2,N,Automatic,Standard SUV 4WD,N,No
5.3,8,23.0686,6,85.0,1,1,N,Automatic,Standard SUV 4WD,N,No
5.3,8,23.0686,6,10.0,1,1,N,Automatic,Standard SUV 4WD,N,No
6.2,8,21.603,6,10.0,1,1,N,Automatic,Standard SUV 4WD,N,No
6.2,8,22.0201,8,10.0,1,1,N,Automatic,Standard SUV 4WD,N,No
5.3,8,22.806,6,85.0,1,1,N,Automatic,Standard SUV 4WD,N,No
5.3,8,22.806,6,10.0,1,1,N,Automatic,Standard SUV 4WD,N,No
6.2,8,20.8419,6,10.0,1,1,N,Automatic,Standard SUV 4WD,N,No
6.2,8,21.2378,8,10.0,1,1,N,Automatic,Standard SUV 4WD,N,No
5.6,8,20.616,7,10.0,2,2,N,Semi-Automatic,Standard SUV 4WD,N,No
5.6,8,19.4324,7,10.0,2,2,N,Semi-Automatic,Standard SUV 4WD,N,No
3.6,6,25.2654,8,85.0,2,2,N,Automatic,Standard SUV 4WD,N,No
5.7,8,20.4637,8,10.0,1,1,N,Automatic,Standard SUV 4WD,N,No
3.0,6,21.1487,8,15.0,2,2,N,Semi-Automatic,Standard SUV 4WD,N,Yes
3.0,6,24.7819,8,15.0,2,2,N,Semi-Automatic,Standard SUV 4WD,N,Yes
5.0,8,20.0593,8,85.0,2,2,N,Semi-Automatic,Standard SUV 4WD,N,Yes
5.0,8,20.0593,8,85.0,2,2,N,Semi-Automatic,Standard SUV 4WD,N,Yes
3.0,6,24.7819,8,15.0,2,2,N,Semi-Automatic,Standard SUV 4WD,N,Yes
3.0,6,24.5942,8,15.0,2,2,N,Semi-Automatic,Standard SUV 4WD,N,Yes
5.0,8,20.1645,8,15.0,2,2,N,Semi-Automatic,Standard SUV 4WD,N,Yes
5.0,8,20.657,8,85.0,2,2,N,Semi-Automatic,Standard SUV 4WD,N,Yes
4.6,8,21.8546,6,15.0,2,2,N,Semi-Automatic,Standard SUV 4WD,N,No
5.7,8,18.182,6,15.0,2,2,N,Semi-Automatic,Standard SUV 4WD,N,No
3.5,6,23.8795,6,15.0,2,2,N,Semi-Automatic,Standard SUV 4WD,N,No
3.5,6,21.3023,6,15.0,2,2,N,Semi-Automatic,Standard SUV 4WD,N,No
3.5,6,21.0827,6,15.0,2,2,N,Semi-Automatic,Standard SUV 4WD,N,No
5.6,8,18.2022,5,85.0,2,2,N,Automatic,Standard SUV 4WD,N,No
5.6,8,18.1756,5,10.0,2,2,N,Automatic,Standard SUV 4WD,N,No
3.6,6,25.4694,8,10.0,2,2,N,Semi-Automatic,Standard SUV 4WD,N,Yes
4.0,6,23.899,5,15.0,2,2,N,Semi-Automatic,Standard SUV 4WD,N,No
4.0,6,23.899,5,15.0,2,2,N,Semi-Automatic,Standard SUV 4WD,N,No
3.5,6,26.6838,6,15.0,2,2,N,Semi-Automatic,Standard SUV 4WD,N,No
3.5,6,38.715,6,15.0,2,2,N,Selectable Continuously Variable (e.g. CVT with paddles),Standard SUV 4WD,N,Yes
3.5,6,38.8724,6,15.0,2,2,N,Selectable Continuously Variable (e.g. CVT with paddles),Standard SUV 4WD,N,Yes
5.7,8,19.05,6,15.0,2,2,N,Semi-Automatic,Standard SUV 4WD,N,No
5.7,8,18.3173,6,15.0,2,2,N,Semi-Automatic,Standard SUV 4WD,N,No
5.7,8,18.5236,6,85.0,2,2,N,Semi-Automatic,Standard SUV 4WD,N,No
3.6,6,24.9612,8,15.0,2,2,N,Semi-Automatic,Standard SUV 4WD,N,No
3.0,6,28.1631,8,15.0,2,2,N,Semi-Automatic,Standard SUV 4WD,N,Yes
5.0,8,20.4985,6,10.0,2,2,N,Semi-Automatic,Midsize Cars,N,No
5.0,8,19.5452,6,10.0,2,2,N,Manual,Midsize Cars,N,No
